"relative_path","sprint_or_folder","extension","size_bytes","sha256"
"sprint_03_emulation_infrastructure\EVD-S03-001-caldera_build_success.png","sprint_03_emulation_infrastructure",".png","361807","EAB5D9392BF2C9BC190E5E4D831503320D7E1C7C056425500777D651C7B7FC93"
"sprint_03_emulation_infrastructure\EVD-S03-001-caldera_login_ui.png","sprint_03_emulation_infrastructure",".png","100213","B8A5285D9091A67ED65551D72AC41B60625635D72E5CE5E1DF5F151522A2CA5A"
"sprint_03_emulation_infrastructure\EVD-S03-001-dependencies-installed.png","sprint_03_emulation_infrastructure",".png","110498","1060C8D5ADC81134C253D3C584DB9C4EACF5A5D084788AF806484572E487608E"
"sprint_03_emulation_infrastructure\EVD-S03-003-caldera-dashboard.png","sprint_03_emulation_infrastructure",".png","178563","D73B1606AE2E2F696E11C64958F90204D66D730DF660CF06B7F98AA69D6AFC8A"
"sprint_03_emulation_infrastructure\EVD-S03-006-atomic-red-team-ready.png","sprint_03_emulation_infrastructure",".png","89216","B4568084F8D3AF07806AF21723971645F228C7D6B1E5F8B1AE84276218DC0720"
"sprint_03_emulation_infrastructure\EVD-S03-007-cross-vm-connectivity.png","sprint_03_emulation_infrastructure",".png","200865","5E2FCDA122AA7D03F6910E667EFA1AAF27BC3B2FF488535478A9A697DF0DB082"
"sprint_04\Everything_Since_Lnx_Agent.csv","sprint_04",".csv","570373","E177AE5A698BCF9E69800BD336BE381755F53171433018C6740C96101BE3CB01"
"sprint_04\Everything_Since_Win_Agent.csv","sprint_04",".csv","142147","4D4CA811BB9822CA9206F16E4A9791E3F34BAE535FA82A315151065D69306F5E"
"sprint_04\Linux\ALL-S11.csv","sprint_04",".csv","4021","B5769D811D88D27F8D75B7BA038288BD578AB91CFA3F703979E32900AFB08B00"
"sprint_04\Linux\S11-MAN-R001\after.png","sprint_04",".png","271187","C498D2C2076CECACC1F4A24E60A18DD351123EB2A7878C7FC6BCD95F02A8DC02"
"sprint_04\Linux\S11-MAN-R001\EVD-S04-S11-R001-001-start-time-and-commands.png","sprint_04",".png","182868","51E790DD826359E01501C65A210A450A231FF48EE44B5E8943D77C78C73D3C0A"
"sprint_04\Linux\S11-MAN-R001\EVD-S04-S11-R001-005-end-time.png","sprint_04",".png","210709","E7116AFCB7F1F2C5CC015685CCE71FC2CC39147C88E506F7BAE91633FF7C7C6D"
"sprint_04\Linux\S11-MAN-R001\EVD-S04-S11-R001-008-wazuh-events.png","sprint_04",".png","276388","658AF485C2FAB55040ADF03029335A43BF515419AA9803397C37E1E7AA8DEF74"
"sprint_04\Linux\S11-MAN-R001\EVD-S04-S11-R001-008-wazuh-events-export.csv","sprint_04",".csv","1344","DFAA0605FEF73CB97C7283F29A229A4E73C0E8A4E3A086260C97BE032F338BF4"
"sprint_04\Linux\S11-MAN-R001\EVD-S04-S11-R001-009-wazuh-events-export.csv","sprint_04",".csv","349","C65A381658C03191C31BD1972541415BD7D325794F712A85267A6DA7483CACE3"
"sprint_04\Linux\S11-MAN-R002\after.png","sprint_04",".png","322399","06F2F409DCEFA56D49353EBD6A0A78345EC72526685BA3749033467E0A6EEC28"
"sprint_04\Linux\S11-MAN-R002\EVD-S04-S11-R002-001-end-time.png","sprint_04",".png","168555","3B115AFA0027AFD00EB470AA63A02F675C773E4164265AE9E987C8160A1520F3"
"sprint_04\Linux\S11-MAN-R002\EVD-S04-S11-R002-001-start-time.png","sprint_04",".png","219891","AD1BA35F40EBA38152927720E99F21F7A3B4000A320AC3ED6E7F707A4407A0C0"
"sprint_04\Linux\S11-MAN-R002\EVD-S04-S11-R002-008-wazuh-events.png","sprint_04",".png","327429","6C20078C808599E4953B2DCA54F7A5D9919B507FBD45F5E34DF302875025D787"
"sprint_04\Linux\S11-MAN-R002\EVD-S04-S11-R002-008-wazuh-events-export.csv","sprint_04",".csv","1355","44F977B8704734DA01292107292377EEC7B70D3A9294BBA92A9A07117EE1EE00"
"sprint_04\Linux\S11-MAN-R002\EVD-S04-S11-R002-009-wazuh-events-export.csv","sprint_04",".csv","393","E387FBAF19003012B38535A142E4418D99520E887F754006446079EBA7BEBEC1"
"sprint_04\Linux\S11-MAN-R003\after.png","sprint_04",".png","318447","A2BA814CCCAAC0A18F788A9C3C6AA61C05E0CB698A818F3DE049157C72A3711F"
"sprint_04\Linux\S11-MAN-R003\EVD-S04-S11-R003-001-start-time-and-commands.png","sprint_04",".png","199665","DA009975C7CF54C0F1E16949D9F3C207E9205E6F779638A56CA6729E550F0987"
"sprint_04\Linux\S11-MAN-R003\EVD-S04-S11-R003-005-end-time.png","sprint_04",".png","128412","D36BD19BFDCE69B212705CF3AFF02EFB3F8D82A6520197C53198490AC8185CFA"
"sprint_04\Linux\S11-MAN-R003\EVD-S04-S11-R003-008-wazuh-events.png","sprint_04",".png","319660","987C756869BFD09F4C4E9ED1BC560FF8EF156A3866EC8B8615E5BB7DDDB3C3CE"
"sprint_04\Linux\S11-MAN-R003\EVD-S04-S11-R003-008-wazuh-events-export.csv","sprint_04",".csv","1365","F020E9682E02ED7156255F8B68A1C0F6F1F62CCB87084119CA9F68995F3261B1"
"sprint_04\Linux\S11-MAN-R003\EVD-S04-S11-R003-009-wazuh-events-export.csv","sprint_04",".csv","392","B5E22F0CF62947735B95F170AB40E99F7966977C90A47A329EE34E77D49C15BC"
"sprint_04\Linux\S12-MAN-R001\EVD-S04-S12-R001-001-end-time.png","sprint_04",".png","213743","7036D0B7F871782744E9FF4B85679C62A1C2031093377FDD0365CBC24B9FB03C"
"sprint_04\Linux\S12-MAN-R001\EVD-S04-S12-R001-001-start-time-and-commands.png","sprint_04",".png","200261","C8121B28F7F67F3E811C14002744A87D3D5D4E37C862B8FEAD3A90756498D02B"
"sprint_04\Linux\S12-MAN-R001\EVD-S04-S12-R001-009-wazuh-events.png","sprint_04",".png","330808","B3060BB604D6981886597AEDE15CA2C3B0ED4D9E86F9227DF379CE959D5146A1"
"sprint_04\Linux\S12-MAN-R001\EVD-S04-S12-R001-009-wazuh-events-export.csv","sprint_04",".csv","369","5B01D3616F068407F2A2A27ABDAE3859F843D3A026789D76EC5CB7A67069C924"
"sprint_04\S05\EVD-S04-S05-R001-008-wazuh-events-export.csv","sprint_04",".csv","416","991CE4E2FEFC5A56594E1905482064373ACF24F146462941E82817655AD9973D"
"sprint_04\Windows\S05 and S06.csv","sprint_04",".csv","33731","E7B8FA5EDA4553DEBAF37CA49F7CD49F410078096F8353521739E500CAC8D56A"
"sprint_04\Windows\S05-MAN-R001\after.png","sprint_04",".png","315281","6C0D8EFB8E67344CD7C7E43CAD05DDA397EA90D9D6268F9DC8B6C95E97F75B69"
"sprint_04\Windows\S05-MAN-R001\before.png","sprint_04",".png","327325","AB9B63746B2C0D3407E06C790B200ECC38417F235C0172384E26830D5F7F3D67"
"sprint_04\Windows\S05-MAN-R001\EVD-S04-S05-R001-001-start-time.png","sprint_04",".png","85586","8A9EBE57ADE9B83AB02E73B1E30600518B912283D7F53CBF6F0EBDD700FA3087"
"sprint_04\Windows\S05-MAN-R001\EVD-S04-S05-R001-002-admin-commands-1.png","sprint_04",".png","258210","D56AD29F22C9C7A68CF5D43E560F9EB9B0A76895DB6F2EF0A3B5D4B742D126EC"
"sprint_04\Windows\S05-MAN-R001\EVD-S04-S05-R001-002-admin-commands-2.png","sprint_04",".png","154617","F60ABAFC8E68A81657226D18B681FBE04738368505AE8261A924C232F2C04EC3"
"sprint_04\Windows\S05-MAN-R001\EVD-S04-S05-R001-002-admin-commands-3.png","sprint_04",".png","159317","42FE244208E39626E8D98D7DB8042F6C957F61885BCDA5146760F89ECC013926"
"sprint_04\Windows\S05-MAN-R001\EVD-S04-S05-R001-002-admin-commands-4.png","sprint_04",".png","131824","B7F468A707B7498488DEB60D106672637A4240EA6AC459E32481D615A4893730"
"sprint_04\Windows\S05-MAN-R001\EVD-S04-S05-R001-002-admin-commands-5.png","sprint_04",".png","143611","A7E9B524170D16A535F80042497F6204FEB372DC73DD3DC1C6CBD18F356D4F47"
"sprint_04\Windows\S05-MAN-R001\EVD-S04-S05-R001-004-event-log-query.png","sprint_04",".png","200228","FD6F4F3B5C666A0104F93D7DDBC4EE043F23323A8E2F8D394D374681EC377ADB"
"sprint_04\Windows\S05-MAN-R001\EVD-S04-S05-R001-005-file-browsing1.png","sprint_04",".png","95708","B84661C90012F9278565A194749D504617D68688139B07E60DB40954AEE69CDE"
"sprint_04\Windows\S05-MAN-R001\EVD-S04-S05-R001-005-file-browsing2.png","sprint_04",".png","37195","F4D1585F9E03650BF4D26593DE41CB761061D224F869CA59341AC34B6C0C39C3"
"sprint_04\Windows\S05-MAN-R001\EVD-S04-S05-R001-006-end-time.png","sprint_04",".png","16413","38D20F396238D133D456D10B80272F48C25F34BDDEF9567B0DAA8CBB0A2F943E"
"sprint_04\Windows\S05-MAN-R001\EVD-S04-S05-R001-007-wazuh-alerts_og.png","sprint_04",".png","357970","C45AE16EE625B136F00B1CAB4F600E1B5F636F8ADD646EDCE9FC2E0421CC3607"
"sprint_04\Windows\S05-MAN-R002\after.png","sprint_04",".png","320768","F42E2A300DC065FC22BDFE919A0D80F4C2815A4290C47898FB67821C273F4707"
"sprint_04\Windows\S05-MAN-R002\EVD-S04-S05-R002-002-admind-commands1.png","sprint_04",".png","158470","1F407A640AAE1E7060F020786D75514B8C01447C8BAEC5248A5E1C859D3E6625"
"sprint_04\Windows\S05-MAN-R002\EVD-S04-S05-R002-002-admind-commands2.png","sprint_04",".png","214589","8751B45F718F747E16AE956F3974844B9D08057E9C0C96CBC9D373A382409940"
"sprint_04\Windows\S05-MAN-R002\EVD-S04-S05-R002-002-admind-commands3.png","sprint_04",".png","211201","DDE1AD30A3A0E11CFA1EC05F53CA2CFFE0B755E8A16FC3482FC1019521EDB969"
"sprint_04\Windows\S05-MAN-R002\EVD-S04-S05-R002-002-admind-commands4.png","sprint_04",".png","74188","0776AA4B5B0ACD84C0022A3E227AF5FFAD66D0BD4F88C3F64C7709A2581D8255"
"sprint_04\Windows\S05-MAN-R002\EVD-S04-S05-R002-006-end-time.png","sprint_04",".png","25112","FF2758EDA78C00DB1166A1042F98A4E84843107ADFEF1E0F37FC5B053D56CC79"
"sprint_04\Windows\S05-MAN-R002\EVD-S04-S05-R002-006-start-time.png","sprint_04",".png","44195","393CC7EEA975036F89169B61DF1908BABB2F4026A0CC168ED4F1B10484239305"
"sprint_04\Windows\S05-MAN-R002\EVD-S04-S05-R002-009-wazuh-events-export.csv","sprint_04",".csv","468","81641132F241B643DC78D2BFAD3971680DDF7C6083EADC49412BE8A734F76240"
"sprint_04\Windows\S05-MAN-R003\after.png","sprint_04",".png","321030","5EE4E2AC0AD176BFF9F3FCB087691018600675012FADCC0C5555A55BB6B22416"
"sprint_04\Windows\S05-MAN-R003\after2.png","sprint_04",".png","350882","9F6FD35984C0275A9611AA708696CE0F896826186960BFA9163F98B6D5C73E92"
"sprint_04\Windows\S05-MAN-R003\EVD-S04-S05-R003-001-end-time.png","sprint_04",".png","25320","2A122EA293A13EA848A55A5C87464DDEED630774F96C440C2FA4005FB2243561"
"sprint_04\Windows\S05-MAN-R003\EVD-S04-S05-R003-001-start-time.png","sprint_04",".png","31162","ABCC101C774DA8DA57E8B7EDABCA1828A539770C23EA207C37D646059CF8BA8F"
"sprint_04\Windows\S05-MAN-R003\EVD-S04-S05-R003-002-commands1.png","sprint_04",".png","145386","C9F1F9D49FAD9375469B96C8BCBC206A484CA9E9A918D89CB866EB6C2EC09575"
"sprint_04\Windows\S05-MAN-R003\EVD-S04-S05-R003-002-commands2.png","sprint_04",".png","175475","3BFCF1A8991275BE989F2AB14157AD0207B09A103CEB85E4B1CA7D4DDA57CE82"
"sprint_04\Windows\S05-MAN-R003\EVD-S04-S05-R003-002-commands3.png","sprint_04",".png","208954","18EF318F805D61936FC1CA34D0B9D9EC984DE040F6026C499DB4BE4C3E18382B"
"sprint_04\Windows\S05-MAN-R003\EVD-S04-S05-R003-002-commands4.png","sprint_04",".png","185301","1FC451ED5E8A8CA5A1671BB414DDB964F5446465A7A9DC940ABD4526D9187124"
"sprint_04\Windows\S05-MAN-R003\EVD-S04-S05-R003-009-wazuh-events-export.csv","sprint_04",".csv","467","61C3774DFDC8FC7734EC40A1DBF0B81BACB69F96DA17252857E83AE35F974AA8"
"sprint_04\Windows\S06-MAN-R001\after.png","sprint_04",".png","325724","DFD0E2F7402C0EF81647D49B3D9E07CB05A4480CCA1334259FEFB4B3E01D27B8"
"sprint_04\Windows\S06-MAN-R001\EVD-S04-S06-R001-001-end-time.png","sprint_04",".png","47364","4F72C60D8ED26156073E698CA3718239A8949EC6D717D5D433C86F47CC8B710B"
"sprint_04\Windows\S06-MAN-R001\EVD-S04-S06-R001-001-start-time.png","sprint_04",".png","30608","CD02C709F9DC67BE605E8BFDB08295BD45E7F105FD9D0A1A2D9B83D0C8F4C626"
"sprint_04\Windows\S06-MAN-R001\EVD-S04-S06-R001-003-benign-discovery-noise-loop.png","sprint_04",".png","135191","E765944B4069BE31443AD3E7F2DB5D10A6DCC03A0679849C746142374BBCA742"
"sprint_04\Windows\S06-MAN-R001\EVD-S04-S06-R001-009-wazuh-events-export.csv","sprint_04",".csv","381","91241A6EE8E95C1A820673C7DEDB74079420EC4846845E3E3A1DF9AF638AD32C"
"sprint_04\Windows\S06-MAN-R002\after.png","sprint_04",".png","326601","4291142E06FA119A0C18CD19E0677AB73ABE253EB2F040EFBDB1150D4FA5ACCE"
"sprint_04\Windows\S06-MAN-R002\EVD-S04-S06-R002-001-end-time-and-commands.png","sprint_04",".png","157357","A31F5D66C8B9B182CCC2D3ECD9BB8400F9AEAC7C2D8B4C62E9BEDC2D255BCE1F"
"sprint_04\Windows\S06-MAN-R002\EVD-S04-S06-R002-001-start-time.png","sprint_04",".png","34713","26AB5B8DACB216449D4009F2B9ACF77C756D177C66B97E77C478FB144B292F0D"
"sprint_04\Windows\S06-MAN-R002\EVD-S04-S06-R002-009-wazuh-events.png","sprint_04",".png","347855","43BA160C1315AB504200FA85004FB07795EB97A3F0BD907643B408BF77F1DD71"
"sprint_04\Windows\S06-MAN-R002\EVD-S04-S06-R002-009-wazuh-events-export.csv","sprint_04",".csv","405","CEFBC89EE5767F693631867959D8F03C4DFDB53286C7628E7617CA79777AB813"
"sprint_04\Windows\S06-MAN-R003\after.png","sprint_04",".png","325211","C73E3CEC3EC68300C429180B015BE112FEC47D8103283C7F8FAA1F2DB0F1DE64"
"sprint_04\Windows\S06-MAN-R003\EVD-S04-S06-R003-001-start-time-commands.png","sprint_04",".png","224022","3BA64DC5C1B8EF00FFCF73A92C71620EDE9E4633AF5B35021872848B8E896637"
"sprint_04\Windows\S06-MAN-R003\EVD-S04-S06-R003-005-end-time.png","sprint_04",".png","96353","53DA39A37684A5884CD7BDD5F8B7517AC56A2A416C7B4D2979D54E313ACE6FEA"
"sprint_04\Windows\S06-MAN-R003\EVD-S04-S06-R003-009-wazuh-events.png","sprint_04",".png","369078","F5AE284E09100E3CC7F91F7A67C7D641A4919DE0392AA30E8463DD1C12778F5D"
"sprint_04\Windows\S06-MAN-R003\EVD-S04-S06-R003-009-wazuh-events-export.csv","sprint_04",".csv","407","1148B3BDD35C439CD01D3FDC94FB651E3E51C1CC5D6DB9FB16454FD1CC53F75B"
"sprint_04\Windows\S12-MAN-R002\EVD-S04-S12-R002-002-windows-security-log-proof.png","sprint_04",".png","303505","6983882B19FC481E023860E307AE1D45DCDA0F9C7C72F3DE32E90C8404020465"
"sprint_04\Windows\S12-MAN-R002\EVD-S04-S12-R002-006-wazuh-events.png","sprint_04",".png","343961","4C096A5958670EC76AD8D8BAED28DFBC7194F2774A3F319684DC1F04B65E3547"
"sprint_04\Windows\S12-MAN-R002\EVD-S04-S12-R002-006-wazuh-events-export.csv","sprint_04",".csv","1308","2228D593004B2DE1BEF9CC14D1C64BB35E0E5F6107C1CA1DB51A44F73CCA0D46"
"sprint_04\Windows\S12-MAN-R002\EVD-S04-S12-R002-009-wazuh-events-export.csv","sprint_04",".csv","373","4E41459BA24A1082866CC1EAED69B3B979B81F315D1AF976D604563BB1434248"
"sprint_05_windows_adversary_emulation\00_prechecks\atomic-red-team-working.png","sprint_05_windows_adversary_emulation",".png","1415427","0C58C37185CAC556F1B3D42494A8A7476F5C6FDDD56F423D19E750C412A5BC1C"
"sprint_05_windows_adversary_emulation\00_prechecks\SafeAgentSOC_Sprint5_Report.docx","sprint_05_windows_adversary_emulation",".docx","1609253","07871C7C5048F0A18A02B0AE9AB9837E0E3DB11B56DCFD6DDFA63C5F1B0D3EC8"
"sprint_05_windows_adversary_emulation\01_manual\S01-MAN-R001\SS-S05-S01-MAN-R001-01-prerun.png","sprint_05_windows_adversary_emulation",".png","49576","899F3673ECB4149EE6C8CE5F0424F45C23049F8CE87B817960CBF11D6B2513F6"
"sprint_05_windows_adversary_emulation\01_manual\S01-MAN-R001\SS-S05-S01-MAN-R001-03-local-proof.png","sprint_05_windows_adversary_emulation",".png","133201","7CB203BCB560535499ED4C9018A1443149E881FEDA3E105E68CF7751A3F47075"
"sprint_05_windows_adversary_emulation\01_manual\S02-MAN-R001\end-time.png","sprint_05_windows_adversary_emulation",".png","167175","A561FA8DF29AFBCEA1BA13288871911F3B3CABA64B1E76B8AACC23069A33C2E9"
"sprint_05_windows_adversary_emulation\01_manual\S02-MAN-R001\SS-S05-S02-MAN-R001-01-prerun.png","sprint_05_windows_adversary_emulation",".png","211623","4A3FC962EE7D06C669EE7038D65873A08B005BA9381A718ADA9040E0C02664D7"
"sprint_05_windows_adversary_emulation\01_manual\S02-MAN-R001\wazuh.csv","sprint_05_windows_adversary_emulation",".csv","768","AF5E437BB22D3FFEEE3E3AB4B6A90E4637837CE5E397E1389707AD11BA3ACFBB"
"sprint_05_windows_adversary_emulation\01_manual\S02-MAN-R001\wazuh-events.png","sprint_05_windows_adversary_emulation",".png","355551","BD39C2CE7D02D54AC14124648150B5CDB696DE10D11E7632DD7069AABD67E9CF"
"sprint_05_windows_adversary_emulation\01_manual\S03-MAN-R001\SS-S05-S03-MAN-R001-03-local-proof.png","sprint_05_windows_adversary_emulation",".png","188529","66781DC2D1E517F4DED6A4763226942B34AB48001E15231C3A4BB3C3B7A2A0AD"
"sprint_05_windows_adversary_emulation\01_manual\S04-MAN-R001\end-time.png","sprint_05_windows_adversary_emulation",".png","151596","8C9E7850EA337F56EAA1717FE15D907444F4E58D8DBA07DBB86D0EB94448A1EE"
"sprint_05_windows_adversary_emulation\01_manual\S04-MAN-R001\SS-S05-S04-MAN-R001-03-local-proof.png","sprint_05_windows_adversary_emulation",".png","216704","89CFC6871A46732137A5F331BAFE86118020233BA6CD44CF280B12CCE03236FF"
"sprint_05_windows_adversary_emulation\02_atomic\S01-ART-R001\alert.png","sprint_05_windows_adversary_emulation",".png","568862","72E67B11F21D6D5435F909E0A1BDF40B2CEE62249CAD4E64C0D0D5BAAD35AFD6"
"sprint_05_windows_adversary_emulation\02_atomic\S01-ART-R001\ART-Mimikatz.png","sprint_05_windows_adversary_emulation",".png","220498","CF2FD501CFB3092A46488D48E90C8E1A6FD9BCDDDC40FF968026C0D02AA56451"
"sprint_05_windows_adversary_emulation\02_atomic\S01-ART-R001\wazuh.png","sprint_05_windows_adversary_emulation",".png","363069","9C4B23E4C7E0974C74C6422AEF65A3A9D01C00A0712B0DD389E4D8CD2152F59F"
"sprint_05_windows_adversary_emulation\02_atomic\S01-ART-R001\wazuh-art-mimikatz.csv","sprint_05_windows_adversary_emulation",".csv","3157","ABFB316D496D053C1AFB668A2658CE4B1600CBD00DDC742467306B968ED269D2"
"sprint_05_windows_adversary_emulation\02_atomic\S02-ART-R001\end-time.png","sprint_05_windows_adversary_emulation",".png","134842","07526B23D961105A25C1B57715F03DEE2E48D80AF41DF685663E8F12A2A5FD35"
"sprint_05_windows_adversary_emulation\02_atomic\S02-ART-R001\SS-S05-S02-ART-R001-01-test-list.png","sprint_05_windows_adversary_emulation",".png","215092","01529A78902E89ED9F5244EC2A8C731D36E1EFF8E13486705FD04B5972EBE815"
"sprint_05_windows_adversary_emulation\02_atomic\S02-ART-R001\SS-S05-S02-ART-R001-02-command.png","sprint_05_windows_adversary_emulation",".png","232488","90D16D1491323B4AB768EC8EB3AC050615816966CB92A2C34E1AC267785BDB44"
"sprint_05_windows_adversary_emulation\02_atomic\S02-ART-R001\wazuh-art-s02.csv","sprint_05_windows_adversary_emulation",".csv","3975","F135144440EFD3A0755B4EED52C7914E0EE8FC114AFB7A1F9E5DD5783F9A3672"
"sprint_05_windows_adversary_emulation\02_atomic\S03-ART-R001\art-command.png","sprint_05_windows_adversary_emulation",".png","99893","59B95BD8D0C79DDA9F837262DABA07D6EA55ED02BE1C94D6B452C31ECA6C0800"
"sprint_05_windows_adversary_emulation\02_atomic\S03-ART-R001\SS-S05-S03-ART-R001-01-test-list.png","sprint_05_windows_adversary_emulation",".png","117283","3DEB284D8BD67A0D96EB1565F2C6F661250F0A62FDC834699E46ECC6ABD88648"
"sprint_05_windows_adversary_emulation\02_atomic\S03-ART-R001\wazuh.csv","sprint_05_windows_adversary_emulation",".csv","772","F562C144DEFDD30AEC7BED26075142CD48EEA7D18114FD3241FB99549E0AD820"
"sprint_05_windows_adversary_emulation\02_atomic\S03-ART-R001\wazuh-event.png","sprint_05_windows_adversary_emulation",".png","354369","E642FBFC1405A53E89B8E655E180706CDD90D0E35BD39997A7A507885F5E19A1"
"sprint_05_windows_adversary_emulation\02_atomic\S04-ART-R001\art-commands.png","sprint_05_windows_adversary_emulation",".png","209773","E5EE47C1C4C078ED0C8934E6EC39E24F81F53BB59AC19370AD848E95A3627D30"
"sprint_05_windows_adversary_emulation\02_atomic\S04-ART-R001\art-commands2.png","sprint_05_windows_adversary_emulation",".png","235848","0F057B94BA868A001F83CC5C5016B3E645A92F33C1AEA1BF8EB7ECB76F3B5FD4"
"sprint_05_windows_adversary_emulation\02_atomic\S04-ART-R001\art-commands3-end-time.png","sprint_05_windows_adversary_emulation",".png","173168","8D507F0B13B716C17AF81929796A4FCC97D6A51870A02DCA73D0B55FE96F83CA"
"sprint_05_windows_adversary_emulation\02_atomic\S04-ART-R001\SS-S05-S04-ART-R001-01-test-list.png","sprint_05_windows_adversary_emulation",".png","85804","BEAE5EA38D9CC57921E07F8735A434CCC0E15C2643955CD5E6FB6AB9D5C2A977"
"sprint_05_windows_adversary_emulation\02_atomic\S04-ART-R001\wazuh.csv","sprint_05_windows_adversary_emulation",".csv","1646","14037F7FF1714A16995A01D5373E51A4983DC1663E6D4B868DA65D08ED7613A1"
"sprint_05_windows_adversary_emulation\02_atomic\S04-ART-R001\wazuh-alert.png","sprint_05_windows_adversary_emulation",".png","466548","F236990463C48F5D443A8E394089705F956F8364726391C5C1BB77D997331C04"
"sprint_05_windows_adversary_emulation\02_atomic\S04-ART-R001\wazuh-events.png","sprint_05_windows_adversary_emulation",".png","352468","3E017FFF5CBF2F90D763681D04F760DFE8F985E713019ED3220F83AD987EA270"
"sprint_05_windows_adversary_emulation\03_caldera\C-WIN-01-CAL-R001\Caldera_Fresh.png","sprint_05_windows_adversary_emulation",".png","176677","54B96EC16D26FCE996753C919BB37E0D2F5F589896DEFEB6D2E0660941466E11"
"sprint_05_windows_adversary_emulation\03_caldera\C-WIN-01-CAL-R001\caldera-campaign.png","sprint_05_windows_adversary_emulation",".png","369432","DC4B5BB408412D5729FA7301198B22E422C1687E834584B1C7C2CE450D6279B4"
"sprint_05_windows_adversary_emulation\03_caldera\C-WIN-01-CAL-R001\C-WIN-01-CAL-R001_csv.csv","sprint_05_windows_adversary_emulation",".csv","4904","F9F2A01DD8E71FA770EA41621D84346E5F88AA3C9A08CAB4BE4FC3C34FBC6BB9"
"sprint_05_windows_adversary_emulation\03_caldera\C-WIN-01-CAL-R001\C-WIN-01-CAL-R001_report.json","sprint_05_windows_adversary_emulation",".json","20444","DDB36E022ED98F9A5F790FF922EB9E44B158E7B67715433E5D5471755585D4BA"
"sprint_05_windows_adversary_emulation\03_caldera\C-WIN-01-CAL-R001\exfil.csv","sprint_05_windows_adversary_emulation",".csv","160","2C2A8C7F17AFFA91477A6B8396EC1674949B4646CF3A04A9F68E8E70EC1C81B9"
"sprint_05_windows_adversary_emulation\03_caldera\C-WIN-01-CAL-R001\sandcat-windows-agent-alive.png","sprint_05_windows_adversary_emulation",".png","169201","52E6A2816120DADDC0D43E9920B1E21B4507162342408C4DFEE3BE58FE58EA59"
"sprint_05_windows_adversary_emulation\03_caldera\C-WIN-01-CAL-R001\win-logs.png","sprint_05_windows_adversary_emulation",".png","399187","CD78FC10A069189D806F6132A8E23A555434E0E2A5E2C15BC8B7FB55F04E67AB"
"sprint_05_windows_adversary_emulation\03_caldera\C-WIN-01-CAL-R002\caldera-campaign.png","sprint_05_windows_adversary_emulation",".png","272700","E225E8CDF62E2BB5C1DADCECF50BF07D2F1B1AC7869558AA806E2652F72DA539"
"sprint_05_windows_adversary_emulation\03_caldera\C-WIN-01-CAL-R002\C-WIN-01-CAL-R002_csv.csv","sprint_05_windows_adversary_emulation",".csv","3027","77137F84BC08FFBEB8D5D7F1A02F28FBC5DBDA7B6567F7BE7D8C0B8AB4584163"
"sprint_05_windows_adversary_emulation\03_caldera\C-WIN-01-CAL-R002\C-WIN-01-CAL-R002_event-logs.json","sprint_05_windows_adversary_emulation",".json","7034","ACC3268D5CC688BA1628727639D3294E36B29DF7751158D09DAD7C9AFE910630"
"sprint_05_windows_adversary_emulation\03_caldera\C-WIN-01-CAL-R002\C-WIN-01-CAL-R002_report.json","sprint_05_windows_adversary_emulation",".json","9996","72078290F34259E8B9B29E413F5AD89613BBAA558CBE95438DE7853C19A09E9C"
"sprint_05_windows_adversary_emulation\03_caldera\C-WIN-01-CAL-R002\wazuh.csv","sprint_05_windows_adversary_emulation",".csv","1318","C35FB00C6088220F4B117E5A4CC57F94C25EF865BA39C5AEDC3EC9E02E1E1D45"
"sprint_05_windows_adversary_emulation\03_caldera\C-WIN-01-CAL-R002\wazuh-events.png","sprint_05_windows_adversary_emulation",".png","416145","FCBB5E852D753C83D5DF3AA6041BDA506DBB79BFA06FF53BFF96040EA0FA29EB"
"sprint_05_windows_adversary_emulation\raw_alerts_full.jsonl","sprint_05_windows_adversary_emulation",".jsonl","110039","F4A22992943D09D9B5AB8662C10C83945BDE6A85588C3AB9A9396C9C55EA2524"
"sprint_06_linux_adversary_emulation\00_prep\MAN.csv","sprint_06_linux_adversary_emulation",".csv","28211","B7BE68F1A91AB2E93DC9B2061842BC4C96A6A5E3075CED4BDDCCACF4722603CB"
"sprint_06_linux_adversary_emulation\00_prep\ReconfiguringWazuh.csv","sprint_06_linux_adversary_emulation",".csv","13491","0D8A609354A0A337707DA236242A4A04E92D6E52FF8BFF4BDF5020F314859D3C"
"sprint_06_linux_adversary_emulation\atomic\ART_Installed.png","sprint_06_linux_adversary_emulation",".png","359960","15AFADA99F5D05D7DAFB7FA5BA26ECA11530E1D6ED9783F7200ADE216337E921"
"sprint_06_linux_adversary_emulation\atomic\ART1\commands1.png","sprint_06_linux_adversary_emulation",".png","314896","9EB5D3E779EAB935992CEF8FB1C29D1CA4D6CB3C5ABD0BFD6DFF95164CBBA875"
"sprint_06_linux_adversary_emulation\atomic\ART1\commands2.png","sprint_06_linux_adversary_emulation",".png","298052","5CC8AE3905C7FD829703BD5258AAD7A6F312E6F774192AB3DFE5568803B23946"
"sprint_06_linux_adversary_emulation\atomic\ART2\commands1.png","sprint_06_linux_adversary_emulation",".png","274214","F79EAC0813F8F310BE942E8D351D225AB9F955AF4893F7C5B2CB999434278B31"
"sprint_06_linux_adversary_emulation\atomic\ART2\discovery.png","sprint_06_linux_adversary_emulation",".png","311400","8C034A9F32ECD151500B8496756F7A44B6B137D59A466718BD36FE7469B6CEB0"
"sprint_06_linux_adversary_emulation\atomic\ART3\CRON.png","sprint_06_linux_adversary_emulation",".png","301281","30C8A46BAA123884EF2848644F15C2930E42BC8C746A64D8B7AE9B13E330E4E6"
"sprint_06_linux_adversary_emulation\atomic\ART3\events-2026-05-15T03_27_59.211Z.csv","sprint_06_linux_adversary_emulation",".csv","206","85622A5A91F739252736B01E7D8D580240C08656C8346C558E6F60026399B1BE"
"sprint_06_linux_adversary_emulation\atomic\ART3\wazuh.png","sprint_06_linux_adversary_emulation",".png","217482","E0EFB5E87C52D2C917582A69F7022D5AC503BE8E31AC67D6699EDFCB4E62D4FC"
"sprint_06_linux_adversary_emulation\atomic\ART4\commands.png","sprint_06_linux_adversary_emulation",".png","294502","4B6047A97ECA5130F6A773C382E6DDE00D95A3D4491CA83AFA1D93A1B3E7B2CC"
"sprint_06_linux_adversary_emulation\atomic\SIM1\events-2026-05-15T03_36_05.166Z.csv","sprint_06_linux_adversary_emulation",".csv","646","25874CFD16504A88110B5C44392EB490F9843B486D82B95C5BA60778AA925B7A"
"sprint_06_linux_adversary_emulation\atomic\SIM1\T1003.png","sprint_06_linux_adversary_emulation",".png","270181","28A71BCA273E2096255776225C141ECEECAC7ADA229A2797113B7957E275DC87"
"sprint_06_linux_adversary_emulation\atomic\SIM1\wazuh.png","sprint_06_linux_adversary_emulation",".png","313412","F5399E7C841F4DD2D65180F9F6AD921E237C67CF90F9163E0E55C5FBE90CB0CD"
"sprint_06_linux_adversary_emulation\atomic\SIM2\events-2026-05-15T03_37_03.299Z.csv","sprint_06_linux_adversary_emulation",".csv","476","00A60DF04824D93232A6E80FFA4B6DEFE803FD16394166F749CDDC70B7C30D04"
"sprint_06_linux_adversary_emulation\atomic\SIM2\shadow_sim.png","sprint_06_linux_adversary_emulation",".png","236484","9512DFE32755771D763FCBB00221F8794F134C781F89F82C6EE8EF314EE97F9A"
"sprint_06_linux_adversary_emulation\atomic\SIM2\wazuh.png","sprint_06_linux_adversary_emulation",".png","276314","8E775F3E56D39E7A6A9251FF442D71A5961864FAC0C36BEB864C3292D3A9B8B0"
"sprint_06_linux_adversary_emulation\atomic\SIM3\events-2026-05-15T03_38_32.633Z.csv","sprint_06_linux_adversary_emulation",".csv","488","47A2BBA9CB21C7B3EB448874820DB1F0F814EC3BC434E44E09FE6C0ADBFBD5E5"
"sprint_06_linux_adversary_emulation\atomic\SIM3\T1070.002.png","sprint_06_linux_adversary_emulation",".png","232087","4099F4C393181CF42834E15982688252369FB7082F1A1113DEE9ECBA123F821E"
"sprint_06_linux_adversary_emulation\atomic\SIM3\wazuh.png","sprint_06_linux_adversary_emulation",".png","282325","031CBC4EFA88D3C1903742E9AC0BA1882EF941F9BE7B747AC2B7695762A89A5A"
"sprint_06_linux_adversary_emulation\atomic\SIM4\events-2026-05-15T03_39_46.502Z.csv","sprint_06_linux_adversary_emulation",".csv","488","B9594D497AD62216E043CB3051C033D1250F6C43458845101CDD901323E4DB29"
"sprint_06_linux_adversary_emulation\atomic\SIM4\T1562.001.png","sprint_06_linux_adversary_emulation",".png","267029","814868E2D9C286C9A61192FB6EC4A99E59162D49465712AB7BF855CF5B93EA94"
"sprint_06_linux_adversary_emulation\atomic\SIM4\wazuh.png","sprint_06_linux_adversary_emulation",".png","282252","B552E6F4C820BCFE8EA007D013DC2A7656140ABEF78E1B54BE4718120ADBEF03"
"sprint_06_linux_adversary_emulation\caldera\CAL_LNX_OP1\cal.png","sprint_06_linux_adversary_emulation",".png","357213","C2FD78C41A6AFEB3A9EAFA235157F3075599222163D2917CD49B3A7E4A95B13A"
"sprint_06_linux_adversary_emulation\caldera\CAL_LNX_OP1\CAL_LNX_OP1_csv.csv","sprint_06_linux_adversary_emulation",".csv","2313","2FEC0EC4EC3B08F414369175B95EAE4C825F7FE9481B773960892F3B24BB178F"
"sprint_06_linux_adversary_emulation\caldera\CAL_LNX_OP1\CAL_LNX_OP1_event-logs.json","sprint_06_linux_adversary_emulation",".json","11356","430495859964174BA3B90D24C0BD1AA6ED15283C9429B45CC099D8CA37ED0E9D"
"sprint_06_linux_adversary_emulation\caldera\CAL_LNX_OP1\CAL_LNX_OP1_report.json","sprint_06_linux_adversary_emulation",".json","22487","5966A673E0D475D1344A52461775A08D35AFF234295673899167C8877C7DA5ED"
"sprint_06_linux_adversary_emulation\caldera\CAL_LNX_OP2\cal.png","sprint_06_linux_adversary_emulation",".png","291862","BB3C7281A3BBA1A3D82A6156D411A6D736B53020B35F3C10D7D54C07FF0A9DA8"
"sprint_06_linux_adversary_emulation\caldera\CAL_LNX_OP2\CAL_LNX_OP2 (2026-05-15T04_08_53.929Z)_csv.csv","sprint_06_linux_adversary_emulation",".csv","7383","D789829A782941ADADFF9AFFA05071D493D4E3D82811B750B3B91E951F60FFD8"
"sprint_06_linux_adversary_emulation\caldera\CAL_LNX_OP2\CAL_LNX_OP2 (2026-05-15T04_08_53.929Z)_event-logs.json","sprint_06_linux_adversary_emulation",".json","34725","148AD432705D9B6A75DA5111E33B20C31A4DA3DC25CD0A84DCB71D4C431CBA3D"
"sprint_06_linux_adversary_emulation\caldera\CAL_LNX_OP2\CAL_LNX_OP2 (2026-05-15T04_08_53.929Z)_report.json","sprint_06_linux_adversary_emulation",".json","32897","3D8B10F54A40E29DF6B1F442C866CD5C63E4E10261700EBE7D441E6832242E03"
"sprint_06_linux_adversary_emulation\caldera\CAL_LNX_OP3\CAL_LNX_OP3 (2026-05-15T04_09_53.102Z)_csv.csv","sprint_06_linux_adversary_emulation",".csv","6106","315A8C90F5B968C9328DD41B0E210FA45DAD44CA9374D4B73FC782B2372DFE56"
"sprint_06_linux_adversary_emulation\caldera\CAL_LNX_OP3\CAL_LNX_OP3 (2026-05-15T04_09_53.102Z)_event-logs.json","sprint_06_linux_adversary_emulation",".json","97266","450270B742468549EACB588668EB32770A59F138E5D9B2B4990CBF941FCDBFAE"
"sprint_06_linux_adversary_emulation\caldera\CAL_LNX_OP3\CAL_LNX_OP3 (2026-05-15T04_09_53.102Z)_report.json","sprint_06_linux_adversary_emulation",".json","100733","1CB4FD7CB0A111C415815E0DDDC8C223F298A8D351EEAA3F77027862EA67C16B"
"sprint_06_linux_adversary_emulation\caldera\CAL_LNX_OP3\CAL1.png","sprint_06_linux_adversary_emulation",".png","231874","2A9AD06AEAD8A8F5D2963F3111D214B543B7435248B2BC2572D16C2FA32C5E1F"
"sprint_06_linux_adversary_emulation\caldera\CAL_LNX_OP3\CAL2.png","sprint_06_linux_adversary_emulation",".png","232901","C1CD8701741942316BF8E88A0BA94DD551FDDC2BD5A9244E4EB5E538DB723DDF"
"sprint_06_linux_adversary_emulation\caldera\CAL_LNX_OP3\CAL3.png","sprint_06_linux_adversary_emulation",".png","236257","623C0D7B82F9E3092EB13192D005D8AB28C135D2F5BFE114BB75711D6523A48F"
"sprint_06_linux_adversary_emulation\caldera\CAL_LNX_OP3\events-2026-05-15T04_59_57.610Z.csv","sprint_06_linux_adversary_emulation",".csv","6008","D8933C5622120B43888099F88F3D1812270E6D3CE137C1C583A5A7F2DBA05A50"
"sprint_06_linux_adversary_emulation\caldera\CAL_LNX_OP3\wazuh.png","sprint_06_linux_adversary_emulation",".png","230074","0A99AE576CD4C02352994FD8757CC0CA464FF7D0B8F6F615E08F46A6FC458390"
"sprint_06_linux_adversary_emulation\caldera\lnx_agent_alive.png","sprint_06_linux_adversary_emulation",".png","189957","E860C3969BF2A5D12E8E70EB434865DA5AA6F96D93F6203F8FCB2C6A0F9AC7B8"
"sprint_06_linux_adversary_emulation\raw_alerts_full.jsonl","sprint_06_linux_adversary_emulation",".jsonl","110039","F4A22992943D09D9B5AB8662C10C83945BDE6A85588C3AB9A9396C9C55EA2524"
"sprint_06_linux_adversary_emulation\S07_MAN_R001\commands.png","sprint_06_linux_adversary_emulation",".png","180051","0C68EC13E402DE46BB2E57977F66A4F3BB8004C8DBA516B252078BF07D44A44D"
"sprint_06_linux_adversary_emulation\S07_MAN_R001\events-2026-05-15T01_50_39.441Z.csv","sprint_06_linux_adversary_emulation",".csv","4592","F68C1A33814D68A99130607CBCA1E2F98F061BBA6A4D7F03269C0CF2AAD7BB51"
"sprint_06_linux_adversary_emulation\S07_MAN_R001\wazuh.png","sprint_06_linux_adversary_emulation",".png","330850","801BBDBF746202A194B8F667B7FC5BA8E1C57BFDAEF274BC1EE39D4CB3CA40F9"
"sprint_06_linux_adversary_emulation\S07_MAN_R002\commands.png","sprint_06_linux_adversary_emulation",".png","172208","7DC3ADC9285FACB97DACF5706B8F2CF3E8AB78E39A54B7B5ADEDF46C59876C5F"
"sprint_06_linux_adversary_emulation\S07_MAN_R002\events-2026-05-15T02_07_17.346Z.csv","sprint_06_linux_adversary_emulation",".csv","823","286B74656D9D1C4AE16302F037A5FFF370FBBD8A7D1EFF948DC7C9AF1BFCCBEB"
"sprint_06_linux_adversary_emulation\S07_MAN_R002\wazuh.png","sprint_06_linux_adversary_emulation",".png","327465","AA02D87299E832DCEB7E634DFF642A9D3A02E3B19A47A09AF951718A0CA1A0AB"
"sprint_06_linux_adversary_emulation\S08_MAN_R001\commands.png","sprint_06_linux_adversary_emulation",".png","196993","4B1CD5E7F2C163E6CBE7865ADAEA8FC6119EFD874ADF1FE7ED7D3725B150EA8C"
"sprint_06_linux_adversary_emulation\S08_MAN_R001\events-2026-05-15T02_24_17.893Z.csv","sprint_06_linux_adversary_emulation",".csv","1628","3C92A354B99240352918B6DD549390860C606EF9E401EDF75439C56D0B6D3EF0"
"sprint_06_linux_adversary_emulation\S08_MAN_R001\wazuh.png","sprint_06_linux_adversary_emulation",".png","331096","D27E546DCCAD3408152D76C25E126BF6D133DFEA8E7F8331665DE95CF7D48A45"
"sprint_06_linux_adversary_emulation\S08_MAN_R002\commands.png","sprint_06_linux_adversary_emulation",".png","203052","30179640BA8F718C65626C20CB98F831C64E0193339D74D012C69DE91166DA01"
"sprint_06_linux_adversary_emulation\S08_MAN_R002\events-2026-05-15T02_40_37.713Z.csv","sprint_06_linux_adversary_emulation",".csv","962","963FE1B7684FFF9F54E4E147B03D3D354341BDB3A7E82E6937C9DE120764A11C"
"sprint_06_linux_adversary_emulation\S08_MAN_R002\wazuh_alerts.png","sprint_06_linux_adversary_emulation",".png","332932","21D19112F76F66728507ACDDFFFBE8B2881910E99F7BD94E5B477B52BE7A697A"
"sprint_06_linux_adversary_emulation\S09_MAN_R001\commands1.png","sprint_06_linux_adversary_emulation",".png","312830","8D495F947E4F416AC322F6753F71667AFCBB439E0263F4DEA42524CA94E610E6"
"sprint_06_linux_adversary_emulation\S09_MAN_R001\commands2.png","sprint_06_linux_adversary_emulation",".png","283973","CDBB52979387DE11402167AF4FDA48410C7756E55763402582FE0B42BC9330DC"
"sprint_06_linux_adversary_emulation\S09_MAN_R001\events-2026-05-15T02_56_53.734Z.csv","sprint_06_linux_adversary_emulation",".csv","1233","D8B4B871218E5B1E3F31CBD603D83104BC8864C78509804AEC51DEDAF8357394"
"sprint_06_linux_adversary_emulation\S09_MAN_R001\wazuh-alerts.png","sprint_06_linux_adversary_emulation",".png","341411","CFC96F7452728E030837AE840209FE8D967BA931C2297661DD8787E16089203D"
"sprint_06_linux_adversary_emulation\S09_MAN_R002\commands1.png","sprint_06_linux_adversary_emulation",".png","325022","3BFE68B5BA204A7C8028C7AAB1BFC58F21D42F6C83A9B33FA5B99E0C81188AB9"
"sprint_06_linux_adversary_emulation\S09_MAN_R002\commands2.png","sprint_06_linux_adversary_emulation",".png","311316","CBE9B4F284326FE2581F6076C1F29B22AA1B0A0A8997C5424BE73DF2FFFD2EAD"
"sprint_06_linux_adversary_emulation\S09_MAN_R002\events-2026-05-15T03_03_25.277Z.csv","sprint_06_linux_adversary_emulation",".csv","630","63BB957693196392D917C41CFF37450033E89B4BE2716F5EBF05D43E2F89D335"
"sprint_06_linux_adversary_emulation\S09_MAN_R002\wazuh.png","sprint_06_linux_adversary_emulation",".png","318717","3D746885D864F01BE3B7C0382F845AF258CC997FC0F7047D0A61E4CC4518E9F2"
"sprint_06_linux_adversary_emulation\S10_MAN_R001\commands1.png","sprint_06_linux_adversary_emulation",".png","201778","00371565C387AC4C71BF1599710B816AB44FDE9C0F031594AE0887D35EE967B9"
"sprint_06_linux_adversary_emulation\S10_MAN_R001\events-2026-05-15T03_05_00.648Z.csv","sprint_06_linux_adversary_emulation",".csv","3625","29091300B454D0C922525B73FEE8720EB6F8E2CDA1B19ED21BB082F341892EA5"
"sprint_06_linux_adversary_emulation\S10_MAN_R001\wazuh.png","sprint_06_linux_adversary_emulation",".png","322218","285AF1A8A8BBD4757C9C20BE91A40310F7D9A6FE0FB8CD704A7624C52C88AE54"
"sprint_06_linux_adversary_emulation\S10_MAN_R002\commands1.png","sprint_06_linux_adversary_emulation",".png","172876","18035C24A5EDD4FE97D4072622FAAB46B0A93A9807648B8575E4038796D5B5C2"
"sprint_06_linux_adversary_emulation\S10_MAN_R002\events-2026-05-15T03_07_46.048Z.csv","sprint_06_linux_adversary_emulation",".csv","1675","CBDC5357A7B933CE17B4AD0AFB660F3D9478407DC4618A204198043B46CE219A"
"sprint_06_linux_adversary_emulation\S10_MAN_R002\wazuh.png","sprint_06_linux_adversary_emulation",".png","333012","DF116C662F8A32FD9B258428D44555564D73F2105208624F1E63406BED7E5937"
"sprint_07\dataset_manifest.yaml","sprint_07",".yaml","2309","9947CA4D052E8863D54AF02A34CB24F49F84D3A37F72BE74F9BDA1702F268C26"
"sprint_07\full_alerts.png","sprint_07",".png","257075","82111943824487D23392490376C5F68061039A52E21DFF81EF7407BFFADCB52D"
"sprint_07\per_agent_export_summary.csv","sprint_07",".csv","465","9531C356844987625EDA4F6D845C8B1375E1ED2C6CA42168FC9B4D087E9D41FA"
"sprint_07\per_campaign_export_summary.csv","sprint_07",".csv","236","9171AA5CAAA866887975634BAADE2E1DE083DA0C3AA265872C2163BCA8DE8532"
"sprint_07\per_run_export_summary.csv","sprint_07",".csv","2403","B3757B79BF0ECAFC9C6BBF23BF465DE0283DE77A8EC296BCD58F33402ED17DFD"
"sprint_07\per_scenario_export_summary.csv","sprint_07",".csv","959","DBDBBD961A2411EAD9120A795FDBAFD25F687809A31B8DD6EDD1ABA74846DD63"
"sprint_07\raw_alerts_full.jsonl","sprint_07",".jsonl","110039","F4A22992943D09D9B5AB8662C10C83945BDE6A85588C3AB9A9396C9C55EA2524"
"sprint_07\run_markers_found.csv","sprint_07",".csv","14538","039C4AFAFB3B24E3046418A801F483FB7F3D770E946754313D9E2A0A95F3D831"
"sprint_07\sprint_07_counts_summary.txt","sprint_07",".txt","851","8FF201655FB49D72D47BBFB9E117F2747928F80BB797195F11B7A33FEB508CB0"
"sprint_08\dataset_qa_report.md","sprint_08",".md","2755","E5A96310F8C4FD2DF54E58E04CF517B6B5BC3ABF671F640052BA6CFEC1CB1CAE"
"sprint_08\duplicate_uid_analysis.csv","sprint_08",".csv","28004","EE828024F806F1846AD38FF48BFC40CFC3EBA84DD6B83625A0ED7E126334A614"
"sprint_08\endpoint_coverage_matrix.csv","sprint_08",".csv","263","CE3E18CC300C978C88D831CF6DDF68DB85D837FA803C7C6C0AC98A4FCED789FB"
"sprint_08\execution_mode_comparison_matrix.csv","sprint_08",".csv","335","CB6B8DC6003E018B485646822E8D7DEB9DEB26E0D0222F2D31164D060CB12999"
"sprint_08\label_completeness_metrics.csv","sprint_08",".csv","659","85DF719DF375C7AD91388B7DB0DCDFEDF77DEF7E50EF674A9294AA721A42AFD2"
"sprint_08\mitre_coverage_matrix.csv","sprint_08",".csv","1152","76C7205D8A0143855B6464305BB1D90B1DB32E155C2323440129F99E70C9A751"
"sprint_08\schema_validation_result.txt","sprint_08",".txt","109","97BDAFD27C73887220A2A9DE20FEFEBCFA870DD8E887BAE3A5B10ACD95F04344"
"sprint_08\SPRINT_08_GROUND_TRUTH_LABELING_AND_QA.md","sprint_08",".md","5146","9755C92BF9433A67CC67762C660B78683B5F557EBB1214A8A1CFAEE0DC5059F1"
"sprint_09\alert_fatigue_baseline.csv","sprint_09",".csv","13371","685C220E3160BFC3F04A3E1B789BEFC96255CCB64DE15A69021BF86079ABF5B8"
"sprint_09\casebook.csv","sprint_09",".csv","31047","906990FA4EC38E7926359BF5C1C308E2FC26E24B3ED572524DCA6C3EDC1DC3CF"
"sprint_09\casebook_qa_summary.md","sprint_09",".md","896","5ADDDB18BB202E8EF17425CACBA41EA052C19B88DC6445469C0A4E3A8D2595F5"
"sprint_09\raw_background_pool_summary.md","sprint_09",".md","1113","AAEC96B40E5FBEDFCA868D4B9AB846C995C2B291FA45318F455A898665DAD6FD"
"sprint_09\SPRINT_09_CASEBOOK_AND_ALERT_FATIGUE_BENCHMARK.md","sprint_09",".md","5107","7AFC4D5F1BFCB755ACC788AA74B2278240A9BE5BB08CAFF04BF64247C6E1D329"
"sprint_09\sprint_09_key_findings.md","sprint_09",".md","2513","B55D5607ED029E0462AA72DAC9939F111C0DEF7BD32B7B2E14A513D08E7F4AD7"
"sprint_10\phase_02_artifact_inventory.csv","sprint_10",".csv","1478","37F0431DEE1B04B783451075DDC15BC03214EA21023984D1E59000FD09F05220"
"sprint_10\phase_02_artifact_inventory.md","sprint_10",".md","1605","C25450D90D5FAAB99CD0BB089208551A5E72B2AAACEFF0801647A94F6A671FB2"
"sprint_10\PHASE_02_EVIDENCE_FILE_MAP.md","sprint_10",".md","1637","F9CBE1197B0C73D0CF0947C3CD00D3C8BD95DD280D0CC354005288E2EE7855AA"
"sprint_10\phase_02_final_package_validation.txt","sprint_10",".txt","2472","8E8F87A5A560449369D45441EB410113D9DD3523AAD119DF475E7252532E8524"
"sprint_10\SPRINT_10_PHASE_02_REPORT_AND_HANDOFF.md","sprint_10",".md","2172","2BBD26951B603A9579ACCF47CE632C4D9DFB486ED615D5ED7D06B0B01B81A565"
