relative_path,extension,bytes,modified
..\..\07_evidence\phase_02_scenario_dataset\screenshots\Phase2\EVD-S03-001-caldera_build_success.png,.png,361807,2026-05-14T08:34:19.161Z
..\..\07_evidence\phase_02_scenario_dataset\screenshots\Phase2\EVD-S03-001-caldera_login_ui.png,.png,100213,2026-05-14T08:34:56.502Z
..\..\07_evidence\phase_02_scenario_dataset\screenshots\Phase2\EVD-S03-001-dependencies-installed.png,.png,110498,2026-05-14T08:18:49.474Z
..\..\07_evidence\phase_02_scenario_dataset\screenshots\Phase2\EVD-S03-003-caldera-dashboard.png,.png,178563,2026-05-14T08:44:43.271Z
..\..\07_evidence\phase_02_scenario_dataset\screenshots\Phase2\EVD-S03-006-atomic-red-team-ready.png,.png,89216,2026-05-14T08:46:52.523Z
..\..\07_evidence\phase_02_scenario_dataset\screenshots\Phase2\EVD-S03-007-cross-vm-connectivity.png,.png,200865,2026-05-14T08:47:32.695Z
..\..\07_evidence\phase_02_scenario_dataset\screenshots\Phase2\Sprint4\Linux\ALL-S11.csv,.csv,4021,2026-05-14T21:26:16.482Z
..\..\07_evidence\phase_02_scenario_dataset\screenshots\Phase2\Sprint4\Linux\S11-MAN-R001\after.png,.png,271187,2026-05-14T19:35:22.651Z
..\..\07_evidence\phase_02_scenario_dataset\screenshots\Phase2\Sprint4\Linux\S11-MAN-R001\EVD-S04-S11-R001-001-start-time-and-commands.png,.png,182868,2026-05-14T19:34:26.879Z
..\..\07_evidence\phase_02_scenario_dataset\screenshots\Phase2\Sprint4\Linux\S11-MAN-R001\EVD-S04-S11-R001-005-end-time.png,.png,210709,2026-05-14T19:34:52.186Z
..\..\07_evidence\phase_02_scenario_dataset\screenshots\Phase2\Sprint4\Linux\S11-MAN-R001\EVD-S04-S11-R001-008-wazuh-events-export.csv,.csv,1344,2026-05-14T19:35:58.084Z
..\..\07_evidence\phase_02_scenario_dataset\screenshots\Phase2\Sprint4\Linux\S11-MAN-R001\EVD-S04-S11-R001-008-wazuh-events.png,.png,276388,2026-05-14T19:35:56.402Z
..\..\07_evidence\phase_02_scenario_dataset\screenshots\Phase2\Sprint4\Linux\S11-MAN-R001\EVD-S04-S11-R001-009-wazuh-events-export.csv,.csv,349,2026-05-14T19:36:45.064Z
..\..\07_evidence\phase_02_scenario_dataset\screenshots\Phase2\Sprint4\Linux\S11-MAN-R002\after.png,.png,322399,2026-05-14T20:55:32.384Z
..\..\07_evidence\phase_02_scenario_dataset\screenshots\Phase2\Sprint4\Linux\S11-MAN-R002\EVD-S04-S11-R002-001-end-time.png,.png,168555,2026-05-14T20:54:56.372Z
..\..\07_evidence\phase_02_scenario_dataset\screenshots\Phase2\Sprint4\Linux\S11-MAN-R002\EVD-S04-S11-R002-001-start-time.png,.png,219891,2026-05-14T20:54:40.313Z
..\..\07_evidence\phase_02_scenario_dataset\screenshots\Phase2\Sprint4\Linux\S11-MAN-R002\EVD-S04-S11-R002-008-wazuh-events-export.csv,.csv,1355,2026-05-14T20:56:07.080Z
..\..\07_evidence\phase_02_scenario_dataset\screenshots\Phase2\Sprint4\Linux\S11-MAN-R002\EVD-S04-S11-R002-008-wazuh-events.png,.png,327429,2026-05-14T20:56:05.121Z
..\..\07_evidence\phase_02_scenario_dataset\screenshots\Phase2\Sprint4\Linux\S11-MAN-R002\EVD-S04-S11-R002-009-wazuh-events-export.csv,.csv,393,2026-05-14T20:57:12.017Z
..\..\07_evidence\phase_02_scenario_dataset\screenshots\Phase2\Sprint4\Linux\S11-MAN-R003\after.png,.png,318447,2026-05-14T21:22:13.296Z
..\..\07_evidence\phase_02_scenario_dataset\screenshots\Phase2\Sprint4\Linux\S11-MAN-R003\EVD-S04-S11-R003-001-start-time-and-commands.png,.png,199665,2026-05-14T21:20:55.174Z
..\..\07_evidence\phase_02_scenario_dataset\screenshots\Phase2\Sprint4\Linux\S11-MAN-R003\EVD-S04-S11-R003-005-end-time.png,.png,128412,2026-05-14T21:21:32.577Z
..\..\07_evidence\phase_02_scenario_dataset\screenshots\Phase2\Sprint4\Linux\S11-MAN-R003\EVD-S04-S11-R003-008-wazuh-events-export.csv,.csv,1365,2026-05-14T21:22:53.035Z
..\..\07_evidence\phase_02_scenario_dataset\screenshots\Phase2\Sprint4\Linux\S11-MAN-R003\EVD-S04-S11-R003-008-wazuh-events.png,.png,319660,2026-05-14T21:22:46.299Z
..\..\07_evidence\phase_02_scenario_dataset\screenshots\Phase2\Sprint4\Linux\S11-MAN-R003\EVD-S04-S11-R003-009-wazuh-events-export.csv,.csv,392,2026-05-14T21:24:16.931Z
..\..\07_evidence\phase_02_scenario_dataset\screenshots\Phase2\Sprint4\Linux\S12-MAN-R001\EVD-S04-S12-R001-001-end-time.png,.png,213743,2026-05-14T21:39:07.455Z
..\..\07_evidence\phase_02_scenario_dataset\screenshots\Phase2\Sprint4\Linux\S12-MAN-R001\EVD-S04-S12-R001-001-start-time-and-commands.png,.png,200261,2026-05-14T21:38:46.993Z
..\..\07_evidence\phase_02_scenario_dataset\screenshots\Phase2\Sprint4\Linux\S12-MAN-R001\EVD-S04-S12-R001-009-wazuh-events-export.csv,.csv,369,2026-05-14T21:40:39.023Z
..\..\07_evidence\phase_02_scenario_dataset\screenshots\Phase2\Sprint4\Linux\S12-MAN-R001\EVD-S04-S12-R001-009-wazuh-events.png,.png,330808,2026-05-14T21:39:50.361Z
..\..\07_evidence\phase_02_scenario_dataset\screenshots\Phase2\Sprint4\Windows\S05 and S06.csv,.csv,33731,2026-05-14T18:40:47.784Z
..\..\07_evidence\phase_02_scenario_dataset\screenshots\Phase2\Sprint4\Windows\S05-MAN-R001\after.png,.png,315281,2026-05-14T16:38:07.343Z
..\..\07_evidence\phase_02_scenario_dataset\screenshots\Phase2\Sprint4\Windows\S05-MAN-R001\before.png,.png,327325,2026-05-14T16:37:58.722Z
..\..\07_evidence\phase_02_scenario_dataset\screenshots\Phase2\Sprint4\Windows\S05-MAN-R001\EVD-S04-S05-R001-001-start-time.png,.png,85586,2026-05-14T16:31:05.136Z
..\..\07_evidence\phase_02_scenario_dataset\screenshots\Phase2\Sprint4\Windows\S05-MAN-R001\EVD-S04-S05-R001-002-admin-commands-1.png,.png,258210,2026-05-14T16:33:10.549Z
..\..\07_evidence\phase_02_scenario_dataset\screenshots\Phase2\Sprint4\Windows\S05-MAN-R001\EVD-S04-S05-R001-002-admin-commands-2.png,.png,154617,2026-05-14T16:33:33.184Z
..\..\07_evidence\phase_02_scenario_dataset\screenshots\Phase2\Sprint4\Windows\S05-MAN-R001\EVD-S04-S05-R001-002-admin-commands-3.png,.png,159317,2026-05-14T16:33:51.476Z
..\..\07_evidence\phase_02_scenario_dataset\screenshots\Phase2\Sprint4\Windows\S05-MAN-R001\EVD-S04-S05-R001-002-admin-commands-4.png,.png,131824,2026-05-14T16:34:14.078Z
..\..\07_evidence\phase_02_scenario_dataset\screenshots\Phase2\Sprint4\Windows\S05-MAN-R001\EVD-S04-S05-R001-002-admin-commands-5.png,.png,143611,2026-05-14T16:34:27.224Z
..\..\07_evidence\phase_02_scenario_dataset\screenshots\Phase2\Sprint4\Windows\S05-MAN-R001\EVD-S04-S05-R001-004-event-log-query.png,.png,200228,2026-05-14T16:35:24.077Z
..\..\07_evidence\phase_02_scenario_dataset\screenshots\Phase2\Sprint4\Windows\S05-MAN-R001\EVD-S04-S05-R001-005-file-browsing1.png,.png,95708,2026-05-14T16:36:31.567Z
..\..\07_evidence\phase_02_scenario_dataset\screenshots\Phase2\Sprint4\Windows\S05-MAN-R001\EVD-S04-S05-R001-005-file-browsing2.png,.png,37195,2026-05-14T16:36:51.624Z
..\..\07_evidence\phase_02_scenario_dataset\screenshots\Phase2\Sprint4\Windows\S05-MAN-R001\EVD-S04-S05-R001-006-end-time.png,.png,16413,2026-05-14T16:37:20.536Z
..\..\07_evidence\phase_02_scenario_dataset\screenshots\Phase2\Sprint4\Windows\S05-MAN-R001\EVD-S04-S05-R001-007-wazuh-alerts_og.png,.png,357970,2026-05-14T16:39:13.278Z
..\..\07_evidence\phase_02_scenario_dataset\screenshots\Phase2\Sprint4\Windows\S05-MAN-R002\after.png,.png,320768,2026-05-14T17:02:47.476Z
..\..\07_evidence\phase_02_scenario_dataset\screenshots\Phase2\Sprint4\Windows\S05-MAN-R002\EVD-S04-S05-R002-002-admind-commands1.png,.png,158470,2026-05-14T17:00:54.476Z
..\..\07_evidence\phase_02_scenario_dataset\screenshots\Phase2\Sprint4\Windows\S05-MAN-R002\EVD-S04-S05-R002-002-admind-commands2.png,.png,214589,2026-05-14T17:01:11.624Z
..\..\07_evidence\phase_02_scenario_dataset\screenshots\Phase2\Sprint4\Windows\S05-MAN-R002\EVD-S04-S05-R002-002-admind-commands3.png,.png,211201,2026-05-14T17:01:30.575Z
..\..\07_evidence\phase_02_scenario_dataset\screenshots\Phase2\Sprint4\Windows\S05-MAN-R002\EVD-S04-S05-R002-002-admind-commands4.png,.png,74188,2026-05-14T17:01:48.513Z
..\..\07_evidence\phase_02_scenario_dataset\screenshots\Phase2\Sprint4\Windows\S05-MAN-R002\EVD-S04-S05-R002-006-end-time.png,.png,25112,2026-05-14T17:02:21.220Z
..\..\07_evidence\phase_02_scenario_dataset\screenshots\Phase2\Sprint4\Windows\S05-MAN-R002\EVD-S04-S05-R002-006-start-time.png,.png,44195,2026-05-14T16:58:54.355Z
..\..\07_evidence\phase_02_scenario_dataset\screenshots\Phase2\Sprint4\Windows\S05-MAN-R002\EVD-S04-S05-R002-009-wazuh-events-export.csv,.csv,468,2026-05-14T17:07:08.257Z
..\..\07_evidence\phase_02_scenario_dataset\screenshots\Phase2\Sprint4\Windows\S05-MAN-R003\after.png,.png,321030,2026-05-14T17:11:05.424Z
..\..\07_evidence\phase_02_scenario_dataset\screenshots\Phase2\Sprint4\Windows\S05-MAN-R003\after2.png,.png,350882,2026-05-14T17:14:55.696Z
..\..\07_evidence\phase_02_scenario_dataset\screenshots\Phase2\Sprint4\Windows\S05-MAN-R003\EVD-S04-S05-R003-001-end-time.png,.png,25320,2026-05-14T17:10:41.301Z
..\..\07_evidence\phase_02_scenario_dataset\screenshots\Phase2\Sprint4\Windows\S05-MAN-R003\EVD-S04-S05-R003-001-start-time.png,.png,31162,2026-05-14T17:08:01.442Z
..\..\07_evidence\phase_02_scenario_dataset\screenshots\Phase2\Sprint4\Windows\S05-MAN-R003\EVD-S04-S05-R003-002-commands1.png,.png,145386,2026-05-14T17:09:32.077Z
..\..\07_evidence\phase_02_scenario_dataset\screenshots\Phase2\Sprint4\Windows\S05-MAN-R003\EVD-S04-S05-R003-002-commands2.png,.png,175475,2026-05-14T17:09:48.294Z
..\..\07_evidence\phase_02_scenario_dataset\screenshots\Phase2\Sprint4\Windows\S05-MAN-R003\EVD-S04-S05-R003-002-commands3.png,.png,208954,2026-05-14T17:10:10.632Z
..\..\07_evidence\phase_02_scenario_dataset\screenshots\Phase2\Sprint4\Windows\S05-MAN-R003\EVD-S04-S05-R003-002-commands4.png,.png,185301,2026-05-14T17:10:28.961Z
..\..\07_evidence\phase_02_scenario_dataset\screenshots\Phase2\Sprint4\Windows\S05-MAN-R003\EVD-S04-S05-R003-009-wazuh-events-export.csv,.csv,467,2026-05-14T17:14:34.892Z
..\..\07_evidence\phase_02_scenario_dataset\screenshots\Phase2\Sprint4\Windows\S06-MAN-R001\after.png,.png,325724,2026-05-14T18:07:05.822Z
..\..\07_evidence\phase_02_scenario_dataset\screenshots\Phase2\Sprint4\Windows\S06-MAN-R001\EVD-S04-S06-R001-001-end-time.png,.png,47364,2026-05-14T18:02:08.111Z
..\..\07_evidence\phase_02_scenario_dataset\screenshots\Phase2\Sprint4\Windows\S06-MAN-R001\EVD-S04-S06-R001-001-start-time.png,.png,30608,2026-05-14T17:59:44.339Z
..\..\07_evidence\phase_02_scenario_dataset\screenshots\Phase2\Sprint4\Windows\S06-MAN-R001\EVD-S04-S06-R001-003-benign-discovery-noise-loop.png,.png,135191,2026-05-14T18:01:54.357Z
..\..\07_evidence\phase_02_scenario_dataset\screenshots\Phase2\Sprint4\Windows\S06-MAN-R001\EVD-S04-S06-R001-009-wazuh-events-export.csv,.csv,381,2026-05-14T18:03:25.338Z
..\..\07_evidence\phase_02_scenario_dataset\screenshots\Phase2\Sprint4\Windows\S06-MAN-R002\after.png,.png,326601,2026-05-14T18:19:42.568Z
..\..\07_evidence\phase_02_scenario_dataset\screenshots\Phase2\Sprint4\Windows\S06-MAN-R002\EVD-S04-S06-R002-001-end-time-and-commands.png,.png,157357,2026-05-14T18:19:23.259Z
..\..\07_evidence\phase_02_scenario_dataset\screenshots\Phase2\Sprint4\Windows\S06-MAN-R002\EVD-S04-S06-R002-001-start-time.png,.png,34713,2026-05-14T18:16:51.749Z
..\..\07_evidence\phase_02_scenario_dataset\screenshots\Phase2\Sprint4\Windows\S06-MAN-R002\EVD-S04-S06-R002-009-wazuh-events-export.csv,.csv,405,2026-05-14T18:21:07.757Z
..\..\07_evidence\phase_02_scenario_dataset\screenshots\Phase2\Sprint4\Windows\S06-MAN-R002\EVD-S04-S06-R002-009-wazuh-events.png,.png,347855,2026-05-14T18:20:18.456Z
..\..\07_evidence\phase_02_scenario_dataset\screenshots\Phase2\Sprint4\Windows\S06-MAN-R003\after.png,.png,325211,2026-05-14T18:39:04.212Z
..\..\07_evidence\phase_02_scenario_dataset\screenshots\Phase2\Sprint4\Windows\S06-MAN-R003\EVD-S04-S06-R003-001-start-time-commands.png,.png,224022,2026-05-14T18:37:32.542Z
..\..\07_evidence\phase_02_scenario_dataset\screenshots\Phase2\Sprint4\Windows\S06-MAN-R003\EVD-S04-S06-R003-005-end-time.png,.png,96353,2026-05-14T18:37:50.674Z
..\..\07_evidence\phase_02_scenario_dataset\screenshots\Phase2\Sprint4\Windows\S06-MAN-R003\EVD-S04-S06-R003-009-wazuh-events-export.csv,.csv,407,2026-05-14T18:39:48.824Z
..\..\07_evidence\phase_02_scenario_dataset\screenshots\Phase2\Sprint4\Windows\S06-MAN-R003\EVD-S04-S06-R003-009-wazuh-events.png,.png,369078,2026-05-14T18:38:22.321Z
..\..\07_evidence\phase_02_scenario_dataset\screenshots\Phase2\Sprint4\Windows\S12-MAN-R002\EVD-S04-S12-R002-002-windows-security-log-proof.png,.png,303505,2026-05-14T21:34:35.505Z
..\..\07_evidence\phase_02_scenario_dataset\screenshots\Phase2\Sprint4\Windows\S12-MAN-R002\EVD-S04-S12-R002-006-wazuh-events-export.csv,.csv,1308,2026-05-14T21:35:23.753Z
..\..\07_evidence\phase_02_scenario_dataset\screenshots\Phase2\Sprint4\Windows\S12-MAN-R002\EVD-S04-S12-R002-006-wazuh-events.png,.png,343961,2026-05-14T21:35:22.148Z
..\..\07_evidence\phase_02_scenario_dataset\screenshots\Phase2\Sprint4\Windows\S12-MAN-R002\EVD-S04-S12-R002-009-wazuh-events-export.csv,.csv,373,2026-05-14T21:36:36.371Z
..\..\07_evidence\phase_02_scenario_dataset\screenshots\Phase2\Sprint5\atomic-red-team-working.png,.png,1415427,2026-05-14T22:16:17.522Z
..\..\07_evidence\phase_02_scenario_dataset\screenshots\Phase2\Sprint5\C-WIN-01-CAL-R001\C-WIN-01-CAL-R001_csv.csv,.csv,4904,2026-05-15T00:11:04.596Z
..\..\07_evidence\phase_02_scenario_dataset\screenshots\Phase2\Sprint5\C-WIN-01-CAL-R001\C-WIN-01-CAL-R001_report.json,.json,20444,2026-05-15T00:08:56.618Z
..\..\07_evidence\phase_02_scenario_dataset\screenshots\Phase2\Sprint5\C-WIN-01-CAL-R001\caldera-campaign.png,.png,369432,2026-05-15T00:10:48.870Z
..\..\07_evidence\phase_02_scenario_dataset\screenshots\Phase2\Sprint5\C-WIN-01-CAL-R001\Caldera_Fresh.png,.png,176677,2026-05-14T23:39:19.333Z
..\..\07_evidence\phase_02_scenario_dataset\screenshots\Phase2\Sprint5\C-WIN-01-CAL-R001\exfil.csv,.csv,160,2026-05-15T00:10:06.333Z
..\..\07_evidence\phase_02_scenario_dataset\screenshots\Phase2\Sprint5\C-WIN-01-CAL-R001\sandcat-windows-agent-alive.png,.png,169201,2026-05-14T23:43:46.143Z
..\..\07_evidence\phase_02_scenario_dataset\screenshots\Phase2\Sprint5\C-WIN-01-CAL-R001\win-logs.png,.png,399187,2026-05-15T00:13:50.311Z
..\..\07_evidence\phase_02_scenario_dataset\screenshots\Phase2\Sprint5\C-WIN-01-CAL-R002\C-WIN-01-CAL-R002_csv.csv,.csv,3027,2026-05-15T00:49:51.405Z
..\..\07_evidence\phase_02_scenario_dataset\screenshots\Phase2\Sprint5\C-WIN-01-CAL-R002\C-WIN-01-CAL-R002_event-logs.json,.json,7034,2026-05-15T00:49:41.873Z
..\..\07_evidence\phase_02_scenario_dataset\screenshots\Phase2\Sprint5\C-WIN-01-CAL-R002\C-WIN-01-CAL-R002_report.json,.json,9996,2026-05-15T00:49:23.325Z
..\..\07_evidence\phase_02_scenario_dataset\screenshots\Phase2\Sprint5\C-WIN-01-CAL-R002\caldera-campaign.png,.png,272700,2026-05-15T00:50:58.708Z
..\..\07_evidence\phase_02_scenario_dataset\screenshots\Phase2\Sprint5\C-WIN-01-CAL-R002\wazuh-events.png,.png,416145,2026-05-15T00:51:14.315Z
..\..\07_evidence\phase_02_scenario_dataset\screenshots\Phase2\Sprint5\C-WIN-01-CAL-R002\wazuh.csv,.csv,1318,2026-05-15T00:51:15.520Z
..\..\07_evidence\phase_02_scenario_dataset\screenshots\Phase2\Sprint5\S01-ART-R001\alert.png,.png,568862,2026-05-14T22:31:42.917Z
..\..\07_evidence\phase_02_scenario_dataset\screenshots\Phase2\Sprint5\S01-ART-R001\ART-Mimikatz.png,.png,220498,2026-05-14T22:30:07.328Z
..\..\07_evidence\phase_02_scenario_dataset\screenshots\Phase2\Sprint5\S01-ART-R001\wazuh-art-mimikatz.csv,.csv,3157,2026-05-14T22:30:31.584Z
..\..\07_evidence\phase_02_scenario_dataset\screenshots\Phase2\Sprint5\S01-ART-R001\wazuh.png,.png,363069,2026-05-14T22:30:29.207Z
..\..\07_evidence\phase_02_scenario_dataset\screenshots\Phase2\Sprint5\S01-MAN-R001\SS-S05-S01-MAN-R001-01-prerun.png,.png,49576,2026-05-14T22:19:40.336Z
..\..\07_evidence\phase_02_scenario_dataset\screenshots\Phase2\Sprint5\S01-MAN-R001\SS-S05-S01-MAN-R001-03-local-proof.png,.png,133201,2026-05-14T22:20:29.322Z
..\..\07_evidence\phase_02_scenario_dataset\screenshots\Phase2\Sprint5\S02-ART-R001\end-time.png,.png,134842,2026-05-14T22:35:48.070Z
..\..\07_evidence\phase_02_scenario_dataset\screenshots\Phase2\Sprint5\S02-ART-R001\SS-S05-S02-ART-R001-01-test-list.png,.png,215092,2026-05-14T22:33:17.605Z
..\..\07_evidence\phase_02_scenario_dataset\screenshots\Phase2\Sprint5\S02-ART-R001\SS-S05-S02-ART-R001-02-command.png,.png,232488,2026-05-14T22:35:31.086Z
..\..\07_evidence\phase_02_scenario_dataset\screenshots\Phase2\Sprint5\S02-ART-R001\wazuh-art-s02.csv,.csv,3975,2026-05-14T22:36:30.366Z
..\..\07_evidence\phase_02_scenario_dataset\screenshots\Phase2\Sprint5\S02-MAN-R001\end-time.png,.png,167175,2026-05-14T22:23:03.196Z
..\..\07_evidence\phase_02_scenario_dataset\screenshots\Phase2\Sprint5\S02-MAN-R001\SS-S05-S02-MAN-R001-01-prerun.png,.png,211623,2026-05-14T22:22:46.897Z
..\..\07_evidence\phase_02_scenario_dataset\screenshots\Phase2\Sprint5\S02-MAN-R001\wazuh-events.png,.png,355551,2026-05-14T22:23:34.374Z
..\..\07_evidence\phase_02_scenario_dataset\screenshots\Phase2\Sprint5\S02-MAN-R001\wazuh.csv,.csv,768,2026-05-14T22:23:47.199Z
..\..\07_evidence\phase_02_scenario_dataset\screenshots\Phase2\Sprint5\S03-ART-R001\art-command.png,.png,99893,2026-05-14T23:16:20.666Z
..\..\07_evidence\phase_02_scenario_dataset\screenshots\Phase2\Sprint5\S03-ART-R001\SS-S05-S03-ART-R001-01-test-list.png,.png,117283,2026-05-14T23:14:50.925Z
..\..\07_evidence\phase_02_scenario_dataset\screenshots\Phase2\Sprint5\S03-ART-R001\wazuh-event.png,.png,354369,2026-05-14T23:16:46.990Z
..\..\07_evidence\phase_02_scenario_dataset\screenshots\Phase2\Sprint5\S03-ART-R001\wazuh.csv,.csv,772,2026-05-14T23:17:01.322Z
..\..\07_evidence\phase_02_scenario_dataset\screenshots\Phase2\Sprint5\S03-MAN-R001\SS-S05-S03-MAN-R001-03-local-proof.png,.png,188529,2026-05-14T22:25:19.347Z
..\..\07_evidence\phase_02_scenario_dataset\screenshots\Phase2\Sprint5\S04-ART-R001\art-commands.png,.png,209773,2026-05-14T23:36:19.125Z
..\..\07_evidence\phase_02_scenario_dataset\screenshots\Phase2\Sprint5\S04-ART-R001\art-commands2.png,.png,235848,2026-05-14T23:36:33.532Z
..\..\07_evidence\phase_02_scenario_dataset\screenshots\Phase2\Sprint5\S04-ART-R001\art-commands3-end-time.png,.png,173168,2026-05-14T23:36:56.386Z
..\..\07_evidence\phase_02_scenario_dataset\screenshots\Phase2\Sprint5\S04-ART-R001\SS-S05-S04-ART-R001-01-test-list.png,.png,85804,2026-05-14T23:32:48.344Z
..\..\07_evidence\phase_02_scenario_dataset\screenshots\Phase2\Sprint5\S04-ART-R001\wazuh-alert.png,.png,466548,2026-05-14T23:37:35.827Z
..\..\07_evidence\phase_02_scenario_dataset\screenshots\Phase2\Sprint5\S04-ART-R001\wazuh-events.png,.png,352468,2026-05-14T23:37:18.158Z
..\..\07_evidence\phase_02_scenario_dataset\screenshots\Phase2\Sprint5\S04-ART-R001\wazuh.csv,.csv,1646,2026-05-14T23:37:38.114Z
..\..\07_evidence\phase_02_scenario_dataset\screenshots\Phase2\Sprint5\S04-MAN-R001\end-time.png,.png,151596,2026-05-14T22:27:12.346Z
..\..\07_evidence\phase_02_scenario_dataset\screenshots\Phase2\Sprint5\S04-MAN-R001\SS-S05-S04-MAN-R001-03-local-proof.png,.png,216704,2026-05-14T22:27:00.258Z
..\..\07_evidence\phase_02_scenario_dataset\screenshots\Phase2\Sprint5\SafeAgentSOC_Sprint5_Report.docx,.docx,1609253,2026-05-15T00:53:52.697Z
..\..\07_evidence\phase_02_scenario_dataset\screenshots\Phase2\Sprint6\ART\ART1\commands1.png,.png,314896,2026-05-15T03:13:10.338Z
..\..\07_evidence\phase_02_scenario_dataset\screenshots\Phase2\Sprint6\ART\ART1\commands2.png,.png,298052,2026-05-15T03:13:22.862Z
..\..\07_evidence\phase_02_scenario_dataset\screenshots\Phase2\Sprint6\ART\ART2\commands1.png,.png,274214,2026-05-15T03:25:58.017Z
..\..\07_evidence\phase_02_scenario_dataset\screenshots\Phase2\Sprint6\ART\ART2\discovery.png,.png,311400,2026-05-15T03:24:52.976Z
..\..\07_evidence\phase_02_scenario_dataset\screenshots\Phase2\Sprint6\ART\ART3\CRON.png,.png,301281,2026-05-15T03:27:43.397Z
..\..\07_evidence\phase_02_scenario_dataset\screenshots\Phase2\Sprint6\ART\ART3\events-2026-05-15T03_27_59.211Z.csv,.csv,206,2026-05-15T03:27:59.525Z
..\..\07_evidence\phase_02_scenario_dataset\screenshots\Phase2\Sprint6\ART\ART3\wazuh.png,.png,217482,2026-05-15T03:27:58.240Z
..\..\07_evidence\phase_02_scenario_dataset\screenshots\Phase2\Sprint6\ART\ART4\commands.png,.png,294502,2026-05-15T03:31:58.256Z
..\..\07_evidence\phase_02_scenario_dataset\screenshots\Phase2\Sprint6\ART\ART_Installed.png,.png,359960,2026-05-15T03:10:52.641Z
..\..\07_evidence\phase_02_scenario_dataset\screenshots\Phase2\Sprint6\ART\SIM1\events-2026-05-15T03_36_05.166Z.csv,.csv,646,2026-05-15T03:36:05.436Z
..\..\07_evidence\phase_02_scenario_dataset\screenshots\Phase2\Sprint6\ART\SIM1\T1003.png,.png,270181,2026-05-15T03:35:50.741Z
..\..\07_evidence\phase_02_scenario_dataset\screenshots\Phase2\Sprint6\ART\SIM1\wazuh.png,.png,313412,2026-05-15T03:36:03.047Z
..\..\07_evidence\phase_02_scenario_dataset\screenshots\Phase2\Sprint6\ART\SIM2\events-2026-05-15T03_37_03.299Z.csv,.csv,476,2026-05-15T03:37:03.489Z
..\..\07_evidence\phase_02_scenario_dataset\screenshots\Phase2\Sprint6\ART\SIM2\shadow_sim.png,.png,236484,2026-05-15T03:36:43.562Z
..\..\07_evidence\phase_02_scenario_dataset\screenshots\Phase2\Sprint6\ART\SIM2\wazuh.png,.png,276314,2026-05-15T03:37:02.256Z
..\..\07_evidence\phase_02_scenario_dataset\screenshots\Phase2\Sprint6\ART\SIM3\events-2026-05-15T03_38_32.633Z.csv,.csv,488,2026-05-15T03:38:32.772Z
..\..\07_evidence\phase_02_scenario_dataset\screenshots\Phase2\Sprint6\ART\SIM3\T1070.002.png,.png,232087,2026-05-15T03:37:48.443Z
..\..\07_evidence\phase_02_scenario_dataset\screenshots\Phase2\Sprint6\ART\SIM3\wazuh.png,.png,282325,2026-05-15T03:38:31.028Z
..\..\07_evidence\phase_02_scenario_dataset\screenshots\Phase2\Sprint6\ART\SIM4\events-2026-05-15T03_39_46.502Z.csv,.csv,488,2026-05-15T03:39:46.690Z
..\..\07_evidence\phase_02_scenario_dataset\screenshots\Phase2\Sprint6\ART\SIM4\T1562.001.png,.png,267029,2026-05-15T03:39:08.213Z
..\..\07_evidence\phase_02_scenario_dataset\screenshots\Phase2\Sprint6\ART\SIM4\wazuh.png,.png,282252,2026-05-15T03:39:45.503Z
..\..\07_evidence\phase_02_scenario_dataset\screenshots\Phase2\Sprint6\CALDERA\CAL_LNX_OP1\cal.png,.png,357213,2026-05-15T04:33:43.451Z
..\..\07_evidence\phase_02_scenario_dataset\screenshots\Phase2\Sprint6\CALDERA\CAL_LNX_OP1\CAL_LNX_OP1_csv.csv,.csv,2313,2026-05-15T03:51:20.567Z
..\..\07_evidence\phase_02_scenario_dataset\screenshots\Phase2\Sprint6\CALDERA\CAL_LNX_OP1\CAL_LNX_OP1_event-logs.json,.json,11356,2026-05-15T03:51:29.099Z
..\..\07_evidence\phase_02_scenario_dataset\screenshots\Phase2\Sprint6\CALDERA\CAL_LNX_OP1\CAL_LNX_OP1_report.json,.json,22487,2026-05-15T03:51:31.855Z
..\..\07_evidence\phase_02_scenario_dataset\screenshots\Phase2\Sprint6\CALDERA\CAL_LNX_OP2\cal.png,.png,291862,2026-05-15T04:33:11.178Z
..\..\07_evidence\phase_02_scenario_dataset\screenshots\Phase2\Sprint6\CALDERA\CAL_LNX_OP2\CAL_LNX_OP2 (2026-05-15T04_08_53.929Z)_csv.csv,.csv,7383,2026-05-15T04:31:45.764Z
..\..\07_evidence\phase_02_scenario_dataset\screenshots\Phase2\Sprint6\CALDERA\CAL_LNX_OP2\CAL_LNX_OP2 (2026-05-15T04_08_53.929Z)_event-logs.json,.json,34725,2026-05-15T04:31:38.767Z
..\..\07_evidence\phase_02_scenario_dataset\screenshots\Phase2\Sprint6\CALDERA\CAL_LNX_OP2\CAL_LNX_OP2 (2026-05-15T04_08_53.929Z)_report.json,.json,32897,2026-05-15T04:31:42.745Z
..\..\07_evidence\phase_02_scenario_dataset\screenshots\Phase2\Sprint6\CALDERA\CAL_LNX_OP3\CAL1.png,.png,231874,2026-05-15T04:58:31.136Z
..\..\07_evidence\phase_02_scenario_dataset\screenshots\Phase2\Sprint6\CALDERA\CAL_LNX_OP3\CAL2.png,.png,232901,2026-05-15T04:58:57.156Z
..\..\07_evidence\phase_02_scenario_dataset\screenshots\Phase2\Sprint6\CALDERA\CAL_LNX_OP3\CAL3.png,.png,236257,2026-05-15T04:59:16.713Z
..\..\07_evidence\phase_02_scenario_dataset\screenshots\Phase2\Sprint6\CALDERA\CAL_LNX_OP3\CAL_LNX_OP3 (2026-05-15T04_09_53.102Z)_csv.csv,.csv,6106,2026-05-15T04:59:30.232Z
..\..\07_evidence\phase_02_scenario_dataset\screenshots\Phase2\Sprint6\CALDERA\CAL_LNX_OP3\CAL_LNX_OP3 (2026-05-15T04_09_53.102Z)_event-logs.json,.json,97266,2026-05-15T04:59:27.781Z
..\..\07_evidence\phase_02_scenario_dataset\screenshots\Phase2\Sprint6\CALDERA\CAL_LNX_OP3\CAL_LNX_OP3 (2026-05-15T04_09_53.102Z)_report.json,.json,100733,2026-05-15T04:59:24.697Z
..\..\07_evidence\phase_02_scenario_dataset\screenshots\Phase2\Sprint6\CALDERA\CAL_LNX_OP3\events-2026-05-15T04_59_57.610Z.csv,.csv,6008,2026-05-15T04:59:57.806Z
..\..\07_evidence\phase_02_scenario_dataset\screenshots\Phase2\Sprint6\CALDERA\CAL_LNX_OP3\wazuh.png,.png,230074,2026-05-15T04:59:55.352Z
..\..\07_evidence\phase_02_scenario_dataset\screenshots\Phase2\Sprint6\CALDERA\lnx_agent_alive.png,.png,189957,2026-05-15T03:42:31.180Z
..\..\07_evidence\phase_02_scenario_dataset\screenshots\Phase2\Sprint6\MAN.csv,.csv,28211,2026-05-15T03:08:14.873Z
..\..\07_evidence\phase_02_scenario_dataset\screenshots\Phase2\Sprint6\ReconfiguringWazuh.csv,.csv,13491,2026-05-15T01:26:23.644Z
..\..\07_evidence\phase_02_scenario_dataset\screenshots\Phase2\Sprint6\S07_MAN_R001\commands.png,.png,180051,2026-05-15T01:50:18.313Z
..\..\07_evidence\phase_02_scenario_dataset\screenshots\Phase2\Sprint6\S07_MAN_R001\events-2026-05-15T01_50_39.441Z.csv,.csv,4592,2026-05-15T01:50:39.762Z
..\..\07_evidence\phase_02_scenario_dataset\screenshots\Phase2\Sprint6\S07_MAN_R001\wazuh.png,.png,330850,2026-05-15T01:50:37.661Z
..\..\07_evidence\phase_02_scenario_dataset\screenshots\Phase2\Sprint6\S07_MAN_R002\commands.png,.png,172208,2026-05-15T02:06:48.353Z
..\..\07_evidence\phase_02_scenario_dataset\screenshots\Phase2\Sprint6\S07_MAN_R002\events-2026-05-15T02_07_17.346Z.csv,.csv,823,2026-05-15T02:07:17.695Z
..\..\07_evidence\phase_02_scenario_dataset\screenshots\Phase2\Sprint6\S07_MAN_R002\wazuh.png,.png,327465,2026-05-15T02:07:15.061Z
..\..\07_evidence\phase_02_scenario_dataset\screenshots\Phase2\Sprint6\S08_MAN_R001\commands.png,.png,196993,2026-05-15T02:24:01.801Z
..\..\07_evidence\phase_02_scenario_dataset\screenshots\Phase2\Sprint6\S08_MAN_R001\events-2026-05-15T02_24_17.893Z.csv,.csv,1628,2026-05-15T02:24:18.214Z
..\..\07_evidence\phase_02_scenario_dataset\screenshots\Phase2\Sprint6\S08_MAN_R001\wazuh.png,.png,331096,2026-05-15T02:24:16.549Z
..\..\07_evidence\phase_02_scenario_dataset\screenshots\Phase2\Sprint6\S08_MAN_R002\commands.png,.png,203052,2026-05-15T02:40:18.551Z
..\..\07_evidence\phase_02_scenario_dataset\screenshots\Phase2\Sprint6\S08_MAN_R002\events-2026-05-15T02_40_37.713Z.csv,.csv,962,2026-05-15T02:40:38.049Z
..\..\07_evidence\phase_02_scenario_dataset\screenshots\Phase2\Sprint6\S08_MAN_R002\wazuh_alerts.png,.png,332932,2026-05-15T02:40:36.172Z
..\..\07_evidence\phase_02_scenario_dataset\screenshots\Phase2\Sprint6\S09_MAN_R001\commands1.png,.png,312830,2026-05-15T02:56:05.611Z
..\..\07_evidence\phase_02_scenario_dataset\screenshots\Phase2\Sprint6\S09_MAN_R001\commands2.png,.png,283973,2026-05-15T02:56:17.327Z
..\..\07_evidence\phase_02_scenario_dataset\screenshots\Phase2\Sprint6\S09_MAN_R001\events-2026-05-15T02_56_53.734Z.csv,.csv,1233,2026-05-15T02:56:54.087Z
..\..\07_evidence\phase_02_scenario_dataset\screenshots\Phase2\Sprint6\S09_MAN_R001\wazuh-alerts.png,.png,341411,2026-05-15T02:56:49.377Z
..\..\07_evidence\phase_02_scenario_dataset\screenshots\Phase2\Sprint6\S09_MAN_R002\commands1.png,.png,325022,2026-05-15T03:03:02.052Z
..\..\07_evidence\phase_02_scenario_dataset\screenshots\Phase2\Sprint6\S09_MAN_R002\commands2.png,.png,311316,2026-05-15T03:03:12.978Z
..\..\07_evidence\phase_02_scenario_dataset\screenshots\Phase2\Sprint6\S09_MAN_R002\events-2026-05-15T03_03_25.277Z.csv,.csv,630,2026-05-15T03:03:25.606Z
..\..\07_evidence\phase_02_scenario_dataset\screenshots\Phase2\Sprint6\S09_MAN_R002\wazuh.png,.png,318717,2026-05-15T03:03:24.412Z
..\..\07_evidence\phase_02_scenario_dataset\screenshots\Phase2\Sprint6\S10_MAN_R001\commands1.png,.png,201778,2026-05-15T03:04:28.811Z
..\..\07_evidence\phase_02_scenario_dataset\screenshots\Phase2\Sprint6\S10_MAN_R001\events-2026-05-15T03_05_00.648Z.csv,.csv,3625,2026-05-15T03:05:00.855Z
..\..\07_evidence\phase_02_scenario_dataset\screenshots\Phase2\Sprint6\S10_MAN_R001\wazuh.png,.png,322218,2026-05-15T03:04:59.691Z
..\..\07_evidence\phase_02_scenario_dataset\screenshots\Phase2\Sprint6\S10_MAN_R002\commands1.png,.png,172876,2026-05-15T03:07:32.756Z
..\..\07_evidence\phase_02_scenario_dataset\screenshots\Phase2\Sprint6\S10_MAN_R002\events-2026-05-15T03_07_46.048Z.csv,.csv,1675,2026-05-15T03:07:46.449Z
..\..\07_evidence\phase_02_scenario_dataset\screenshots\Phase2\Sprint6\S10_MAN_R002\wazuh.png,.png,333012,2026-05-15T03:07:45.258Z
..\..\07_evidence\phase_02_scenario_dataset\screenshots\Phase2\Sprint7\full_alerts.png,.png,257075,2026-05-15T05:33:15.744Z
..\..\07_evidence\phase_02_scenario_dataset\screenshots\Phase2\Sprint7\raw_alerts_full.jsonl,.jsonl,110039,2026-05-15T05:05:46.744Z
