timestamp,agent_name,run_id,rule_id,rule_level,rule_description,full_log
2026-05-14T21:46:08.532-0400,safesoc-lnx-01,TEST-S6,100764,5,SafeAgentSOC S09 Linux discovery scenario marker,2026-05-14T21:46:07.355246-04:00 safesoc-lnx-01 safesoc-lnx-01: SAFESOC_S09_DISCOVERY RUN_ID=TEST-S6 host=safesoc-lnx-01
2026-05-14T21:46:08.532-0400,safesoc-lnx-01,TEST-S6,100760,3,SafeAgentSOC run start marker observed,2026-05-14T21:46:07.352719-04:00 safesoc-lnx-01 safesoc-lnx-01: SAFESOC_RUN_START RUN_ID=TEST-S6 host=safesoc-lnx-01
2026-05-14T21:46:08.532-0400,safesoc-lnx-01,TEST-S6,100761,3,SafeAgentSOC run end marker observed,2026-05-14T21:46:07.358306-04:00 safesoc-lnx-01 safesoc-lnx-01: SAFESOC_RUN_END RUN_ID=TEST-S6 host=safesoc-lnx-01
2026-05-14T21:46:08.801-0400,safesoc-lnx-01,TEST-S6,100760,3,SafeAgentSOC run start marker observed,May 15 01:46:07 safesoc-lnx-01 safesoc-lnx-01[9113]: SAFESOC_RUN_START RUN_ID=TEST-S6 host=safesoc-lnx-01
2026-05-14T21:46:08.804-0400,safesoc-lnx-01,TEST-S6,100764,5,SafeAgentSOC S09 Linux discovery scenario marker,May 15 01:46:07 safesoc-lnx-01 safesoc-lnx-01[9114]: SAFESOC_S09_DISCOVERY RUN_ID=TEST-S6 host=safesoc-lnx-01
2026-05-14T21:46:08.806-0400,safesoc-lnx-01,TEST-S6,100761,3,SafeAgentSOC run end marker observed,May 15 01:46:07 safesoc-lnx-01 safesoc-lnx-01[9115]: SAFESOC_RUN_END RUN_ID=TEST-S6 host=safesoc-lnx-01
2026-05-14T22:23:13.287-0400,safesoc-lnx-01,S08-MAN-R001,100763,6,SafeAgentSOC S08 Linux sudo authentication scenario marker,2026-05-14T22:23:13.047120-04:00 safesoc-lnx-01 safesoc-lnx-01: SAFESOC_S08_SUDO_AUTH RUN_ID=S08-MAN-R001 host=safesoc-lnx-01
2026-05-14T22:23:13.287-0400,safesoc-lnx-01,S08-MAN-R001,100760,3,SafeAgentSOC run start marker observed,2026-05-14T22:23:13.043552-04:00 safesoc-lnx-01 safesoc-lnx-01: SAFESOC_RUN_START RUN_ID=S08-MAN-R001 host=safesoc-lnx-01
2026-05-14T22:23:13.708-0400,safesoc-lnx-01,S08-MAN-R001,100760,3,SafeAgentSOC run start marker observed,May 15 02:23:13 safesoc-lnx-01 safesoc-lnx-01[9687]: SAFESOC_RUN_START RUN_ID=S08-MAN-R001 host=safesoc-lnx-01
2026-05-14T22:23:13.708-0400,safesoc-lnx-01,S08-MAN-R001,100763,6,SafeAgentSOC S08 Linux sudo authentication scenario marker,May 15 02:23:13 safesoc-lnx-01 safesoc-lnx-01[9689]: SAFESOC_S08_SUDO_AUTH RUN_ID=S08-MAN-R001 host=safesoc-lnx-01
2026-05-14T22:23:39.716-0400,safesoc-lnx-01,S08-MAN-R001,100761,3,SafeAgentSOC run end marker observed,May 15 02:23:39 safesoc-lnx-01 safesoc-lnx-01[9702]: SAFESOC_RUN_END RUN_ID=S08-MAN-R001 host=safesoc-lnx-01
2026-05-14T22:23:39.723-0400,safesoc-lnx-01,S08-MAN-R001,100761,3,SafeAgentSOC run end marker observed,2026-05-14T22:23:39.557658-04:00 safesoc-lnx-01 safesoc-lnx-01: SAFESOC_RUN_END RUN_ID=S08-MAN-R001 host=safesoc-lnx-01
2026-05-14T22:39:33.566-0400,safesoc-lnx-01,S08-MAN-R002,100760,3,SafeAgentSOC run start marker observed,2026-05-14T22:39:32.183925-04:00 safesoc-lnx-01 safesoc-lnx-01: SAFESOC_RUN_START RUN_ID=S08-MAN-R002 host=safesoc-lnx-01
2026-05-14T22:39:33.569-0400,safesoc-lnx-01,S08-MAN-R002,100763,6,SafeAgentSOC S08 Linux sudo authentication scenario marker,2026-05-14T22:39:32.186459-04:00 safesoc-lnx-01 safesoc-lnx-01: SAFESOC_S08_SUDO_AUTH RUN_ID=S08-MAN-R002 host=safesoc-lnx-01
2026-05-14T22:39:34.047-0400,safesoc-lnx-01,S08-MAN-R002,100763,6,SafeAgentSOC S08 Linux sudo authentication scenario marker,May 15 02:39:32 safesoc-lnx-01 safesoc-lnx-01[9872]: SAFESOC_S08_SUDO_AUTH RUN_ID=S08-MAN-R002 host=safesoc-lnx-01
2026-05-14T22:39:34.047-0400,safesoc-lnx-01,S08-MAN-R002,100760,3,SafeAgentSOC run start marker observed,May 15 02:39:32 safesoc-lnx-01 safesoc-lnx-01[9870]: SAFESOC_RUN_START RUN_ID=S08-MAN-R002 host=safesoc-lnx-01
2026-05-14T22:39:44.052-0400,safesoc-lnx-01,S08-MAN-R002,100761,3,SafeAgentSOC run end marker observed,May 15 02:39:43 safesoc-lnx-01 safesoc-lnx-01[9878]: SAFESOC_RUN_END RUN_ID=S08-MAN-R002 host=safesoc-lnx-01
2026-05-14T22:39:44.060-0400,safesoc-lnx-01,S08-MAN-R002,100761,3,SafeAgentSOC run end marker observed,2026-05-14T22:39:43.970566-04:00 safesoc-lnx-01 safesoc-lnx-01: SAFESOC_RUN_END RUN_ID=S08-MAN-R002 host=safesoc-lnx-01
2026-05-14T22:55:45.867-0400,safesoc-lnx-01,S09-MAN-R001,100764,5,SafeAgentSOC S09 Linux discovery scenario marker,2026-05-14T22:55:45.194206-04:00 safesoc-lnx-01 safesoc-lnx-01: SAFESOC_S09_DISCOVERY RUN_ID=S09-MAN-R001 host=safesoc-lnx-01
2026-05-14T22:55:45.867-0400,safesoc-lnx-01,S09-MAN-R001,100760,3,SafeAgentSOC run start marker observed,2026-05-14T22:55:45.189282-04:00 safesoc-lnx-01 safesoc-lnx-01: SAFESOC_RUN_START RUN_ID=S09-MAN-R001 host=safesoc-lnx-01
2026-05-14T22:55:45.870-0400,safesoc-lnx-01,S09-MAN-R001,100761,3,SafeAgentSOC run end marker observed,2026-05-14T22:55:45.262449-04:00 safesoc-lnx-01 safesoc-lnx-01: SAFESOC_RUN_END RUN_ID=S09-MAN-R001 host=safesoc-lnx-01
2026-05-14T22:55:46.377-0400,safesoc-lnx-01,S09-MAN-R001,100760,3,SafeAgentSOC run start marker observed,May 15 02:55:45 safesoc-lnx-01 safesoc-lnx-01[10033]: SAFESOC_RUN_START RUN_ID=S09-MAN-R001 host=safesoc-lnx-01
2026-05-14T22:55:46.377-0400,safesoc-lnx-01,S09-MAN-R001,100764,5,SafeAgentSOC S09 Linux discovery scenario marker,May 15 02:55:45 safesoc-lnx-01 safesoc-lnx-01[10035]: SAFESOC_S09_DISCOVERY RUN_ID=S09-MAN-R001 host=safesoc-lnx-01
2026-05-14T22:55:46.379-0400,safesoc-lnx-01,S09-MAN-R001,100761,3,SafeAgentSOC run end marker observed,May 15 02:55:45 safesoc-lnx-01 safesoc-lnx-01[10048]: SAFESOC_RUN_END RUN_ID=S09-MAN-R001 host=safesoc-lnx-01
2026-05-14T23:02:29.983-0400,safesoc-lnx-01,S09-MAN-R002,100764,5,SafeAgentSOC S09 Linux discovery scenario marker,2026-05-14T23:02:28.934832-04:00 safesoc-lnx-01 safesoc-lnx-01: SAFESOC_S09_DISCOVERY RUN_ID=S09-MAN-R002 host=safesoc-lnx-01
2026-05-14T23:02:29.983-0400,safesoc-lnx-01,S09-MAN-R002,100760,3,SafeAgentSOC run start marker observed,2026-05-14T23:02:28.928779-04:00 safesoc-lnx-01 safesoc-lnx-01: SAFESOC_RUN_START RUN_ID=S09-MAN-R002 host=safesoc-lnx-01
2026-05-14T23:02:29.997-0400,safesoc-lnx-01,S09-MAN-R002,100761,3,SafeAgentSOC run end marker observed,2026-05-14T23:02:29.035008-04:00 safesoc-lnx-01 safesoc-lnx-01: SAFESOC_RUN_END RUN_ID=S09-MAN-R002 host=safesoc-lnx-01
2026-05-14T23:02:30.498-0400,safesoc-lnx-01,S09-MAN-R002,100760,3,SafeAgentSOC run start marker observed,May 15 03:02:28 safesoc-lnx-01 safesoc-lnx-01[10213]: SAFESOC_RUN_START RUN_ID=S09-MAN-R002 host=safesoc-lnx-01
2026-05-14T23:02:30.498-0400,safesoc-lnx-01,S09-MAN-R002,100764,5,SafeAgentSOC S09 Linux discovery scenario marker,May 15 03:02:28 safesoc-lnx-01 safesoc-lnx-01[10215]: SAFESOC_S09_DISCOVERY RUN_ID=S09-MAN-R002 host=safesoc-lnx-01
2026-05-14T23:02:30.510-0400,safesoc-lnx-01,S09-MAN-R002,100761,3,SafeAgentSOC run end marker observed,May 15 03:02:29 safesoc-lnx-01 safesoc-lnx-01[10227]: SAFESOC_RUN_END RUN_ID=S09-MAN-R002 host=safesoc-lnx-01
2026-05-14T23:04:14.036-0400,safesoc-lnx-01,S10-MAN-R001,100760,3,SafeAgentSOC run start marker observed,2026-05-14T23:04:13.548945-04:00 safesoc-lnx-01 safesoc-lnx-01: SAFESOC_RUN_START RUN_ID=S10-MAN-R001 host=safesoc-lnx-01
2026-05-14T23:04:14.040-0400,safesoc-lnx-01,S10-MAN-R001,100765,7,SafeAgentSOC S10 Linux cron marker scenario,2026-05-14T23:04:13.555438-04:00 safesoc-lnx-01 safesoc-lnx-01: SAFESOC_S10_CRON_MARKER RUN_ID=S10-MAN-R001 host=safesoc-lnx-01
2026-05-14T23:04:14.044-0400,safesoc-lnx-01,S10-MAN-R001,100761,3,SafeAgentSOC run end marker observed,2026-05-14T23:04:13.619463-04:00 safesoc-lnx-01 safesoc-lnx-01: SAFESOC_RUN_END RUN_ID=S10-MAN-R001 host=safesoc-lnx-01
2026-05-14T23:04:14.541-0400,safesoc-lnx-01,S10-MAN-R001,100760,3,SafeAgentSOC run start marker observed,May 15 03:04:13 safesoc-lnx-01 safesoc-lnx-01[10250]: SAFESOC_RUN_START RUN_ID=S10-MAN-R001 host=safesoc-lnx-01
2026-05-14T23:04:14.541-0400,safesoc-lnx-01,S10-MAN-R001,100765,7,SafeAgentSOC S10 Linux cron marker scenario,May 15 03:04:13 safesoc-lnx-01 safesoc-lnx-01[10253]: SAFESOC_S10_CRON_MARKER RUN_ID=S10-MAN-R001 host=safesoc-lnx-01
2026-05-14T23:04:14.576-0400,safesoc-lnx-01,S10-MAN-R001,100761,3,SafeAgentSOC run end marker observed,May 15 03:04:13 safesoc-lnx-01 safesoc-lnx-01[10272]: SAFESOC_RUN_END RUN_ID=S10-MAN-R001 host=safesoc-lnx-01
2026-05-14T23:07:20.595-0400,safesoc-lnx-01,S10-MAN-R002,100760,3,SafeAgentSOC run start marker observed,May 15 03:07:20 safesoc-lnx-01 safesoc-lnx-01[10307]: SAFESOC_RUN_START RUN_ID=S10-MAN-R002 host=safesoc-lnx-01
2026-05-14T23:07:20.596-0400,safesoc-lnx-01,S10-MAN-R002,100765,7,SafeAgentSOC S10 Linux cron marker scenario,May 15 03:07:20 safesoc-lnx-01 safesoc-lnx-01[10309]: SAFESOC_S10_CRON_MARKER RUN_ID=S10-MAN-R002 host=safesoc-lnx-01
2026-05-14T23:07:20.612-0400,safesoc-lnx-01,S10-MAN-R002,100761,3,SafeAgentSOC run end marker observed,May 15 03:07:20 safesoc-lnx-01 safesoc-lnx-01[10317]: SAFESOC_RUN_END RUN_ID=S10-MAN-R002 host=safesoc-lnx-01
2026-05-14T23:07:20.629-0400,safesoc-lnx-01,S10-MAN-R002,100760,3,SafeAgentSOC run start marker observed,2026-05-14T23:07:20.348548-04:00 safesoc-lnx-01 safesoc-lnx-01: SAFESOC_RUN_START RUN_ID=S10-MAN-R002 host=safesoc-lnx-01
2026-05-14T23:07:20.632-0400,safesoc-lnx-01,S10-MAN-R002,100765,7,SafeAgentSOC S10 Linux cron marker scenario,2026-05-14T23:07:20.354023-04:00 safesoc-lnx-01 safesoc-lnx-01: SAFESOC_S10_CRON_MARKER RUN_ID=S10-MAN-R002 host=safesoc-lnx-01
2026-05-14T23:07:20.634-0400,safesoc-lnx-01,S10-MAN-R002,100761,3,SafeAgentSOC run end marker observed,2026-05-14T23:07:20.376075-04:00 safesoc-lnx-01 safesoc-lnx-01: SAFESOC_RUN_END RUN_ID=S10-MAN-R002 host=safesoc-lnx-01
2026-05-14T23:34:48.580-0400,safesoc-lnx-01,GAP-LNX-T1003-SIM-R001,100782,10,SafeAgentSOC simulated credential dumping gap marker,2026-05-14T23:34:47.992096-04:00 safesoc-lnx-01 safesoc-lnx-01: SAFESOC_GAP_SIM_START RUN_ID=GAP-LNX-T1003-SIM-R001 technique=T1003 concept=credential_dumping_simulated host=safesoc-lnx-01
2026-05-14T23:34:48.599-0400,safesoc-lnx-01,GAP-LNX-T1003-SIM-R001,100782,10,SafeAgentSOC simulated credential dumping gap marker,2026-05-14T23:34:48.017445-04:00 safesoc-lnx-01 safesoc-lnx-01: SAFESOC_GAP_SIM_END RUN_ID=GAP-LNX-T1003-SIM-R001 technique=T1003 status=simulated_only host=safesoc-lnx-01
2026-05-14T23:34:49.176-0400,safesoc-lnx-01,GAP-LNX-T1003-SIM-R001,100782,10,SafeAgentSOC simulated credential dumping gap marker,May 15 03:34:47 safesoc-lnx-01 safesoc-lnx-01[12599]: SAFESOC_GAP_SIM_START RUN_ID=GAP-LNX-T1003-SIM-R001 technique=T1003 concept=credential_dumping_simulated host=safesoc-lnx-01
2026-05-14T23:34:49.177-0400,safesoc-lnx-01,GAP-LNX-T1003-SIM-R001,100782,10,SafeAgentSOC simulated credential dumping gap marker,May 15 03:34:48 safesoc-lnx-01 safesoc-lnx-01[12605]: SAFESOC_GAP_SIM_END RUN_ID=GAP-LNX-T1003-SIM-R001 technique=T1003 status=simulated_only host=safesoc-lnx-01
2026-05-14T23:36:20.605-0400,safesoc-lnx-01,GAP-LNX-001-SIM-R001,100780,8,SafeAgentSOC simulated-only high-risk gap started,2026-05-14T23:36:19.443906-04:00 safesoc-lnx-01 safesoc-lnx-01: SAFESOC_GAP_SIM_START RUN_ID=GAP-LNX-001-SIM-R001 technique=shadow_dump concept=credential_material_access host=safesoc-lnx-01
2026-05-14T23:36:20.610-0400,safesoc-lnx-01,GAP-LNX-001-SIM-R001,100781,8,SafeAgentSOC simulated-only high-risk gap completed,2026-05-14T23:36:19.449167-04:00 safesoc-lnx-01 safesoc-lnx-01: SAFESOC_GAP_SIM_END RUN_ID=GAP-LNX-001-SIM-R001 technique=shadow_dump status=simulated_only host=safesoc-lnx-01
2026-05-14T23:36:21.206-0400,safesoc-lnx-01,GAP-LNX-001-SIM-R001,100780,8,SafeAgentSOC simulated-only high-risk gap started,May 15 03:36:19 safesoc-lnx-01 safesoc-lnx-01[12624]: SAFESOC_GAP_SIM_START RUN_ID=GAP-LNX-001-SIM-R001 technique=shadow_dump concept=credential_material_access host=safesoc-lnx-01
2026-05-14T23:36:21.206-0400,safesoc-lnx-01,GAP-LNX-001-SIM-R001,100781,8,SafeAgentSOC simulated-only high-risk gap completed,May 15 03:36:19 safesoc-lnx-01 safesoc-lnx-01[12630]: SAFESOC_GAP_SIM_END RUN_ID=GAP-LNX-001-SIM-R001 technique=shadow_dump status=simulated_only host=safesoc-lnx-01
2026-05-14T23:37:30.627-0400,safesoc-lnx-01,GAP-LNX-T1070-002-SIM-R001,100783,10,SafeAgentSOC simulated Linux log clearing gap marker,2026-05-14T23:37:30.096155-04:00 safesoc-lnx-01 safesoc-lnx-01: SAFESOC_GAP_SIM_END RUN_ID=GAP-LNX-T1070-002-SIM-R001 technique=T1070.002 status=simulated_only_dummy_log_only host=safesoc-lnx-01
2026-05-14T23:37:30.627-0400,safesoc-lnx-01,GAP-LNX-T1070-002-SIM-R001,100783,10,SafeAgentSOC simulated Linux log clearing gap marker,2026-05-14T23:37:30.084529-04:00 safesoc-lnx-01 safesoc-lnx-01: SAFESOC_GAP_SIM_START RUN_ID=GAP-LNX-T1070-002-SIM-R001 technique=T1070.002 concept=clear_linux_logs_simulated host=safesoc-lnx-01
2026-05-14T23:37:31.230-0400,safesoc-lnx-01,GAP-LNX-T1070-002-SIM-R001,100783,10,SafeAgentSOC simulated Linux log clearing gap marker,May 15 03:37:30 safesoc-lnx-01 safesoc-lnx-01[12655]: SAFESOC_GAP_SIM_END RUN_ID=GAP-LNX-T1070-002-SIM-R001 technique=T1070.002 status=simulated_only_dummy_log_only host=safesoc-lnx-01
2026-05-14T23:37:31.230-0400,safesoc-lnx-01,GAP-LNX-T1070-002-SIM-R001,100783,10,SafeAgentSOC simulated Linux log clearing gap marker,May 15 03:37:30 safesoc-lnx-01 safesoc-lnx-01[12648]: SAFESOC_GAP_SIM_START RUN_ID=GAP-LNX-T1070-002-SIM-R001 technique=T1070.002 concept=clear_linux_logs_simulated host=safesoc-lnx-01
2026-05-14T23:38:53.261-0400,safesoc-lnx-01,GAP-LNX-T1562-001-SIM-R001,100784,10,SafeAgentSOC simulated defense impairment gap marker,May 15 03:38:53 safesoc-lnx-01 safesoc-lnx-01[12663]: SAFESOC_GAP_SIM_START RUN_ID=GAP-LNX-T1562-001-SIM-R001 technique=T1562.001 concept=defense_impairment_simulated host=safesoc-lnx-01
2026-05-14T23:38:53.261-0400,safesoc-lnx-01,GAP-LNX-T1562-001-SIM-R001,100784,10,SafeAgentSOC simulated defense impairment gap marker,May 15 03:38:53 safesoc-lnx-01 safesoc-lnx-01[12672]: SAFESOC_GAP_SIM_END RUN_ID=GAP-LNX-T1562-001-SIM-R001 technique=T1562.001 status=simulated_only_no_services_changed host=safesoc-lnx-01
2026-05-14T23:38:53.264-0400,safesoc-lnx-01,GAP-LNX-T1562-001-SIM-R001,100784,10,SafeAgentSOC simulated defense impairment gap marker,2026-05-14T23:38:53.149185-04:00 safesoc-lnx-01 safesoc-lnx-01: SAFESOC_GAP_SIM_START RUN_ID=GAP-LNX-T1562-001-SIM-R001 technique=T1562.001 concept=defense_impairment_simulated host=safesoc-lnx-01
2026-05-14T23:38:53.266-0400,safesoc-lnx-01,GAP-LNX-T1562-001-SIM-R001,100784,10,SafeAgentSOC simulated defense impairment gap marker,2026-05-14T23:38:53.173672-04:00 safesoc-lnx-01 safesoc-lnx-01: SAFESOC_GAP_SIM_END RUN_ID=GAP-LNX-T1562-001-SIM-R001 technique=T1562.001 status=simulated_only_no_services_changed host=safesoc-lnx-01
