label_id,alert_uid,scenario_id,campaign_id,run_id,agent_name,timestamp,label,event_role,simulation_type,execution_mode,tool,atomic_test_id,caldera_operation_id,caldera_ability_id,mitre_tactic,mitre_technique_id,rule_id,rule_description,confidence,ground_truth_summary,notes
LBL-BG-0001,ALERT-ECD117751EF59C24,,,BACKGROUND-SAMPLE,safesoc-wazuh-01,2026-05-15T00:00:24.769-0400,unrelated_background,unrelated,background,background_sample,wazuh,,,,N/A,N/A,52002,Apparmor DENIED,medium,Stratified background alert sampled from raw Wazuh export and not correlated to a scenario run.,Automated background sample for Sprint 8; manual review recommended.
LBL-BG-0002,ALERT-D86B04917478E66D,,,BACKGROUND-SAMPLE,safesoc-wazuh-01,2026-05-15T00:00:58.778-0400,unrelated_background,unrelated,background,background_sample,wazuh,,,,N/A,N/A,52002,Apparmor DENIED,medium,Stratified background alert sampled from raw Wazuh export and not correlated to a scenario run.,Automated background sample for Sprint 8; manual review recommended.
LBL-BG-0003,ALERT-EF87045FE313B341,,,BACKGROUND-SAMPLE,safesoc-wazuh-01,2026-05-15T00:04:00.786-0400,unrelated_background,unrelated,background,background_sample,wazuh,,,,N/A,N/A,533,Listened ports status (netstat) changed (new port opened or closed).,medium,Stratified background alert sampled from raw Wazuh export and not correlated to a scenario run.,Automated background sample for Sprint 8; manual review recommended.
LBL-BG-0004,ALERT-A278DC3CA7E98F8B,,,BACKGROUND-SAMPLE,safesoc-wazuh-01,2026-05-15T01:01:17.896-0400,unrelated_background,unrelated,background,background_sample,wazuh,,,,N/A,N/A,5502,PAM: Login session closed.,medium,Stratified background alert sampled from raw Wazuh export and not correlated to a scenario run.,Automated background sample for Sprint 8; manual review recommended.
LBL-BG-0005,ALERT-FBB0173B770957CB,,,BACKGROUND-SAMPLE,safesoc-wazuh-01,2026-05-15T01:01:17.896-0400,unrelated_background,unrelated,background,background_sample,wazuh,,,,N/A,N/A,5402,Successful sudo to ROOT executed.,medium,Stratified background alert sampled from raw Wazuh export and not correlated to a scenario run.,Automated background sample for Sprint 8; manual review recommended.
LBL-BG-0006,ALERT-AEE3F32B12042B80,,,BACKGROUND-SAMPLE,safesoc-wazuh-01,2026-05-15T01:01:17.896-0400,unrelated_background,unrelated,background,background_sample,wazuh,,,,N/A,N/A,5501,PAM: Login session opened.,medium,Stratified background alert sampled from raw Wazuh export and not correlated to a scenario run.,Automated background sample for Sprint 8; manual review recommended.
LBL-BG-0007,ALERT-855CDC2AFFF821AD,,,BACKGROUND-SAMPLE,safesoc-wazuh-01,2026-05-15T01:02:07.913-0400,unrelated_background,unrelated,background,background_sample,wazuh,,,,N/A,N/A,5402,Successful sudo to ROOT executed.,medium,Stratified background alert sampled from raw Wazuh export and not correlated to a scenario run.,Automated background sample for Sprint 8; manual review recommended.
LBL-BG-0008,ALERT-BD1514F723FB5985,,,BACKGROUND-SAMPLE,safesoc-wazuh-01,2026-05-15T01:02:07.913-0400,unrelated_background,unrelated,background,background_sample,wazuh,,,,N/A,N/A,5501,PAM: Login session opened.,medium,Stratified background alert sampled from raw Wazuh export and not correlated to a scenario run.,Automated background sample for Sprint 8; manual review recommended.
LBL-BG-0009,ALERT-E99D578A97AB1CD0,,,BACKGROUND-SAMPLE,safesoc-wazuh-01,2026-05-15T01:02:07.913-0400,unrelated_background,unrelated,background,background_sample,wazuh,,,,N/A,N/A,5502,PAM: Login session closed.,medium,Stratified background alert sampled from raw Wazuh export and not correlated to a scenario run.,Automated background sample for Sprint 8; manual review recommended.
LBL-BG-0010,ALERT-68F2604EFC92FEC1,,,BACKGROUND-SAMPLE,safesoc-wazuh-01,2026-05-15T01:02:07.913-0400,unrelated_background,unrelated,background,background_sample,wazuh,,,,N/A,N/A,5402,Successful sudo to ROOT executed.,medium,Stratified background alert sampled from raw Wazuh export and not correlated to a scenario run.,Automated background sample for Sprint 8; manual review recommended.
LBL-BG-0011,ALERT-8BEEE1CFE21225E2,,,BACKGROUND-SAMPLE,safesoc-wazuh-01,2026-05-15T01:02:07.913-0400,unrelated_background,unrelated,background,background_sample,wazuh,,,,N/A,N/A,5502,PAM: Login session closed.,medium,Stratified background alert sampled from raw Wazuh export and not correlated to a scenario run.,Automated background sample for Sprint 8; manual review recommended.
LBL-BG-0012,ALERT-5F028D5494B2FDA1,,,BACKGROUND-SAMPLE,safesoc-wazuh-01,2026-05-15T01:02:07.913-0400,unrelated_background,unrelated,background,background_sample,wazuh,,,,N/A,N/A,5501,PAM: Login session opened.,medium,Stratified background alert sampled from raw Wazuh export and not correlated to a scenario run.,Automated background sample for Sprint 8; manual review recommended.
LBL-BG-0013,ALERT-D762B25EFA674385,,,BACKGROUND-SAMPLE,safesoc-wazuh-01,2026-05-15T01:03:53.941-0400,unrelated_background,unrelated,background,background_sample,wazuh,,,,N/A,N/A,5402,Successful sudo to ROOT executed.,medium,Stratified background alert sampled from raw Wazuh export and not correlated to a scenario run.,Automated background sample for Sprint 8; manual review recommended.
LBL-BG-0014,ALERT-EDF2644B77A32F20,,,BACKGROUND-SAMPLE,safesoc-wazuh-01,2026-05-15T01:03:53.942-0400,unrelated_background,unrelated,background,background_sample,wazuh,,,,N/A,N/A,5501,PAM: Login session opened.,medium,Stratified background alert sampled from raw Wazuh export and not correlated to a scenario run.,Automated background sample for Sprint 8; manual review recommended.
LBL-BG-0015,ALERT-998FF516906DD720,,,BACKGROUND-SAMPLE,safesoc-wazuh-01,2026-05-15T01:04:03.943-0400,unrelated_background,unrelated,background,background_sample,wazuh,,,,N/A,N/A,5501,PAM: Login session opened.,medium,Stratified background alert sampled from raw Wazuh export and not correlated to a scenario run.,Automated background sample for Sprint 8; manual review recommended.
LBL-BG-0016,ALERT-A7A13AC4D44EBB0E,,,BACKGROUND-SAMPLE,safesoc-wazuh-01,2026-05-15T01:04:03.943-0400,unrelated_background,unrelated,background,background_sample,wazuh,,,,N/A,N/A,5502,PAM: Login session closed.,medium,Stratified background alert sampled from raw Wazuh export and not correlated to a scenario run.,Automated background sample for Sprint 8; manual review recommended.
LBL-BG-0017,ALERT-01231FC3EF1DFF6D,,,BACKGROUND-SAMPLE,safesoc-wazuh-01,2026-05-15T01:04:03.943-0400,unrelated_background,unrelated,background,background_sample,wazuh,,,,N/A,N/A,5402,Successful sudo to ROOT executed.,medium,Stratified background alert sampled from raw Wazuh export and not correlated to a scenario run.,Automated background sample for Sprint 8; manual review recommended.
LBL-BG-0018,ALERT-86E0B36422174DEB,,,BACKGROUND-SAMPLE,safesoc-wazuh-01,2026-05-15T01:04:05.870-0400,unrelated_background,unrelated,background,background_sample,wazuh,,,,N/A,N/A,2901,New dpkg (Debian Package) requested to install.,medium,Stratified background alert sampled from raw Wazuh export and not correlated to a scenario run.,Automated background sample for Sprint 8; manual review recommended.
LBL-BG-0019,ALERT-CCA61268F869344C,,,BACKGROUND-SAMPLE,safesoc-wazuh-01,2026-05-15T01:04:05.869-0400,unrelated_background,unrelated,background,background_sample,wazuh,,,,N/A,N/A,2901,New dpkg (Debian Package) requested to install.,medium,Stratified background alert sampled from raw Wazuh export and not correlated to a scenario run.,Automated background sample for Sprint 8; manual review recommended.
LBL-BG-0020,ALERT-E4A5587AF9503B26,,,BACKGROUND-SAMPLE,safesoc-wazuh-01,2026-05-15T01:04:05.870-0400,unrelated_background,unrelated,background,background_sample,wazuh,,,,N/A,N/A,2901,New dpkg (Debian Package) requested to install.,medium,Stratified background alert sampled from raw Wazuh export and not correlated to a scenario run.,Automated background sample for Sprint 8; manual review recommended.
LBL-BG-0021,ALERT-33466FC012CA2DAF,,,BACKGROUND-SAMPLE,safesoc-wazuh-01,2026-05-15T01:04:05.870-0400,unrelated_background,unrelated,background,background_sample,wazuh,,,,N/A,N/A,2902,New dpkg (Debian Package) installed.,medium,Stratified background alert sampled from raw Wazuh export and not correlated to a scenario run.,Automated background sample for Sprint 8; manual review recommended.
LBL-BG-0022,ALERT-A6387A59B5DF8B4C,,,BACKGROUND-SAMPLE,safesoc-wazuh-01,2026-05-15T01:04:05.870-0400,unrelated_background,unrelated,background,background_sample,wazuh,,,,N/A,N/A,2901,New dpkg (Debian Package) requested to install.,medium,Stratified background alert sampled from raw Wazuh export and not correlated to a scenario run.,Automated background sample for Sprint 8; manual review recommended.
LBL-BG-0023,ALERT-ECD5B6E3DF0DEDD7,,,BACKGROUND-SAMPLE,safesoc-wazuh-01,2026-05-15T01:04:05.870-0400,unrelated_background,unrelated,background,background_sample,wazuh,,,,N/A,N/A,2904,Dpkg (Debian Package) half configured.,medium,Stratified background alert sampled from raw Wazuh export and not correlated to a scenario run.,Automated background sample for Sprint 8; manual review recommended.
LBL-BG-0024,ALERT-75814DC44631384F,,,BACKGROUND-SAMPLE,safesoc-wazuh-01,2026-05-15T01:04:05.870-0400,unrelated_background,unrelated,background,background_sample,wazuh,,,,N/A,N/A,2904,Dpkg (Debian Package) half configured.,medium,Stratified background alert sampled from raw Wazuh export and not correlated to a scenario run.,Automated background sample for Sprint 8; manual review recommended.
LBL-BG-0025,ALERT-237075F096259D0D,,,BACKGROUND-SAMPLE,safesoc-wazuh-01,2026-05-15T01:04:05.870-0400,unrelated_background,unrelated,background,background_sample,wazuh,,,,N/A,N/A,2902,New dpkg (Debian Package) installed.,medium,Stratified background alert sampled from raw Wazuh export and not correlated to a scenario run.,Automated background sample for Sprint 8; manual review recommended.
LBL-BG-0026,ALERT-24FD1F227CDFBFEA,,,BACKGROUND-SAMPLE,safesoc-wazuh-01,2026-05-15T01:04:05.870-0400,unrelated_background,unrelated,background,background_sample,wazuh,,,,N/A,N/A,2902,New dpkg (Debian Package) installed.,medium,Stratified background alert sampled from raw Wazuh export and not correlated to a scenario run.,Automated background sample for Sprint 8; manual review recommended.
LBL-BG-0027,ALERT-6A02E9A0E51559EB,,,BACKGROUND-SAMPLE,safesoc-wazuh-01,2026-05-15T01:04:05.871-0400,unrelated_background,unrelated,background,background_sample,wazuh,,,,N/A,N/A,2904,Dpkg (Debian Package) half configured.,medium,Stratified background alert sampled from raw Wazuh export and not correlated to a scenario run.,Automated background sample for Sprint 8; manual review recommended.
LBL-BG-0028,ALERT-0DD0C672AD119AD9,,,BACKGROUND-SAMPLE,safesoc-wazuh-01,2026-05-15T01:04:05.871-0400,unrelated_background,unrelated,background,background_sample,wazuh,,,,N/A,N/A,2902,New dpkg (Debian Package) installed.,medium,Stratified background alert sampled from raw Wazuh export and not correlated to a scenario run.,Automated background sample for Sprint 8; manual review recommended.
LBL-BG-0029,ALERT-18DD473578BB1334,,,BACKGROUND-SAMPLE,safesoc-wazuh-01,2026-05-15T01:04:05.870-0400,unrelated_background,unrelated,background,background_sample,wazuh,,,,N/A,N/A,2904,Dpkg (Debian Package) half configured.,medium,Stratified background alert sampled from raw Wazuh export and not correlated to a scenario run.,Automated background sample for Sprint 8; manual review recommended.
LBL-BG-0030,ALERT-A66675FB1782B57E,,,BACKGROUND-SAMPLE,safesoc-wazuh-01,2026-05-15T01:04:05.871-0400,unrelated_background,unrelated,background,background_sample,wazuh,,,,N/A,N/A,2904,Dpkg (Debian Package) half configured.,medium,Stratified background alert sampled from raw Wazuh export and not correlated to a scenario run.,Automated background sample for Sprint 8; manual review recommended.
LBL-BG-0031,ALERT-169EF09AEBFEC6B7,,,BACKGROUND-SAMPLE,safesoc-wazuh-01,2026-05-15T01:04:05.944-0400,unrelated_background,unrelated,background,background_sample,wazuh,,,,N/A,N/A,5902,New user added to the system.,medium,Stratified background alert sampled from raw Wazuh export and not correlated to a scenario run.,Automated background sample for Sprint 8; manual review recommended.
LBL-BG-0032,ALERT-A85B09A7D19B65B8,,,BACKGROUND-SAMPLE,safesoc-wazuh-01,2026-05-15T01:04:07.869-0400,unrelated_background,unrelated,background,background_sample,wazuh,,,,N/A,N/A,2902,New dpkg (Debian Package) installed.,medium,Stratified background alert sampled from raw Wazuh export and not correlated to a scenario run.,Automated background sample for Sprint 8; manual review recommended.
LBL-BG-0033,ALERT-3EFF575B572A83F1,,,BACKGROUND-SAMPLE,safesoc-wazuh-01,2026-05-15T01:04:09.946-0400,unrelated_background,unrelated,background,background_sample,wazuh,,,,N/A,N/A,5502,PAM: Login session closed.,medium,Stratified background alert sampled from raw Wazuh export and not correlated to a scenario run.,Automated background sample for Sprint 8; manual review recommended.
LBL-BG-0034,ALERT-E472A3AF785F941E,,,BACKGROUND-SAMPLE,safesoc-wazuh-01,2026-05-15T01:04:31.955-0400,unrelated_background,unrelated,background,background_sample,wazuh,,,,N/A,N/A,5715,sshd: authentication success.,medium,Stratified background alert sampled from raw Wazuh export and not correlated to a scenario run.,Automated background sample for Sprint 8; manual review recommended.
LBL-BG-0035,ALERT-AA9FF9F809529AD4,,,BACKGROUND-SAMPLE,safesoc-wazuh-01,2026-05-15T01:05:47.976-0400,unrelated_background,unrelated,background,background_sample,wazuh,,,,N/A,N/A,5715,sshd: authentication success.,medium,Stratified background alert sampled from raw Wazuh export and not correlated to a scenario run.,Automated background sample for Sprint 8; manual review recommended.
LBL-BG-0036,ALERT-6BCCCC8D47F91CCB,,,BACKGROUND-SAMPLE,safesoc-wazuh-01,2026-05-15T01:10:01.991-0400,unrelated_background,unrelated,background,background_sample,wazuh,,,,N/A,N/A,533,Listened ports status (netstat) changed (new port opened or closed).,medium,Stratified background alert sampled from raw Wazuh export and not correlated to a scenario run.,Automated background sample for Sprint 8; manual review recommended.
LBL-BG-0037,ALERT-ECD117751EF59C24,,,BACKGROUND-SAMPLE,safesoc-wazuh-01,2026-05-15T00:00:24.769-0400,unrelated_background,unrelated,background,background_sample,wazuh,,,,N/A,N/A,52002,Apparmor DENIED,medium,Stratified background alert sampled from raw Wazuh export and not correlated to a scenario run.,Automated background sample for Sprint 8; manual review recommended.
LBL-BG-0038,ALERT-D86B04917478E66D,,,BACKGROUND-SAMPLE,safesoc-wazuh-01,2026-05-15T00:00:58.778-0400,unrelated_background,unrelated,background,background_sample,wazuh,,,,N/A,N/A,52002,Apparmor DENIED,medium,Stratified background alert sampled from raw Wazuh export and not correlated to a scenario run.,Automated background sample for Sprint 8; manual review recommended.
LBL-BG-0039,ALERT-EF87045FE313B341,,,BACKGROUND-SAMPLE,safesoc-wazuh-01,2026-05-15T00:04:00.786-0400,unrelated_background,unrelated,background,background_sample,wazuh,,,,N/A,N/A,533,Listened ports status (netstat) changed (new port opened or closed).,medium,Stratified background alert sampled from raw Wazuh export and not correlated to a scenario run.,Automated background sample for Sprint 8; manual review recommended.
LBL-BG-0040,ALERT-86E0B36422174DEB,,,BACKGROUND-SAMPLE,safesoc-wazuh-01,2026-05-15T01:04:05.870-0400,unrelated_background,unrelated,background,background_sample,wazuh,,,,N/A,N/A,2901,New dpkg (Debian Package) requested to install.,medium,Stratified background alert sampled from raw Wazuh export and not correlated to a scenario run.,Automated background sample for Sprint 8; manual review recommended.
LBL-BG-0041,ALERT-169EF09AEBFEC6B7,,,BACKGROUND-SAMPLE,safesoc-wazuh-01,2026-05-15T01:04:05.944-0400,unrelated_background,unrelated,background,background_sample,wazuh,,,,N/A,N/A,5902,New user added to the system.,medium,Stratified background alert sampled from raw Wazuh export and not correlated to a scenario run.,Automated background sample for Sprint 8; manual review recommended.
LBL-BG-0042,ALERT-E472A3AF785F941E,,,BACKGROUND-SAMPLE,safesoc-wazuh-01,2026-05-15T01:04:31.955-0400,unrelated_background,unrelated,background,background_sample,wazuh,,,,N/A,N/A,5715,sshd: authentication success.,medium,Stratified background alert sampled from raw Wazuh export and not correlated to a scenario run.,Automated background sample for Sprint 8; manual review recommended.
LBL-BG-0043,ALERT-AA9FF9F809529AD4,,,BACKGROUND-SAMPLE,safesoc-wazuh-01,2026-05-15T01:05:47.976-0400,unrelated_background,unrelated,background,background_sample,wazuh,,,,N/A,N/A,5715,sshd: authentication success.,medium,Stratified background alert sampled from raw Wazuh export and not correlated to a scenario run.,Automated background sample for Sprint 8; manual review recommended.
LBL-BG-0044,ALERT-6BCCCC8D47F91CCB,,,BACKGROUND-SAMPLE,safesoc-wazuh-01,2026-05-15T01:10:01.991-0400,unrelated_background,unrelated,background,background_sample,wazuh,,,,N/A,N/A,533,Listened ports status (netstat) changed (new port opened or closed).,medium,Stratified background alert sampled from raw Wazuh export and not correlated to a scenario run.,Automated background sample for Sprint 8; manual review recommended.
LBL-BG-0045,ALERT-AB10DA197C9AFFD2,,,BACKGROUND-SAMPLE,safesoc-lnx-01,2026-05-14T00:00:28.914-0400,unrelated_background,unrelated,background,background_sample,wazuh,,,,N/A,N/A,52002,Apparmor DENIED,medium,Stratified background alert sampled from raw Wazuh export and not correlated to a scenario run.,Automated background sample for Sprint 8; manual review recommended.
LBL-BG-0046,ALERT-181142700254628D,,,BACKGROUND-SAMPLE,safesoc-wazuh-01,2026-05-14T00:00:58.707-0400,unrelated_background,unrelated,background,background_sample,wazuh,,,,N/A,N/A,52002,Apparmor DENIED,medium,Stratified background alert sampled from raw Wazuh export and not correlated to a scenario run.,Automated background sample for Sprint 8; manual review recommended.
LBL-BG-0047,ALERT-B4D2FC7D628E1F81,,,BACKGROUND-SAMPLE,safesoc-lnx-01,2026-05-14T03:00:07.649-0400,unrelated_background,unrelated,background,background_sample,wazuh,,,,N/A,N/A,52002,Apparmor DENIED,medium,Stratified background alert sampled from raw Wazuh export and not correlated to a scenario run.,Automated background sample for Sprint 8; manual review recommended.
LBL-BG-0048,ALERT-CDCD7ECD100B9E0D,,,BACKGROUND-SAMPLE,safesoc-lnx-01,2026-05-14T03:01:21.651-0400,unrelated_background,unrelated,background,background_sample,wazuh,,,,N/A,N/A,5501,PAM: Login session opened.,medium,Stratified background alert sampled from raw Wazuh export and not correlated to a scenario run.,Automated background sample for Sprint 8; manual review recommended.
LBL-BG-0049,ALERT-70FA41EEFBF412FC,,,BACKGROUND-SAMPLE,safesoc-wazuh-01,2026-05-14T03:03:03.560-0400,unrelated_background,unrelated,background,background_sample,wazuh,,,,N/A,N/A,550,Integrity checksum changed.,medium,Stratified background alert sampled from raw Wazuh export and not correlated to a scenario run.,Automated background sample for Sprint 8; manual review recommended.
LBL-BG-0050,ALERT-C848A6AD019926EA,,,BACKGROUND-SAMPLE,safesoc-wazuh-01,2026-05-14T03:03:03.584-0400,unrelated_background,unrelated,background,background_sample,wazuh,,,,N/A,N/A,550,Integrity checksum changed.,medium,Stratified background alert sampled from raw Wazuh export and not correlated to a scenario run.,Automated background sample for Sprint 8; manual review recommended.
LBL-BG-0051,ALERT-4DD9A384EBBD17DC,,,BACKGROUND-SAMPLE,safesoc-wazuh-01,2026-05-14T03:03:03.586-0400,unrelated_background,unrelated,background,background_sample,wazuh,,,,N/A,N/A,550,Integrity checksum changed.,medium,Stratified background alert sampled from raw Wazuh export and not correlated to a scenario run.,Automated background sample for Sprint 8; manual review recommended.
LBL-BG-0052,ALERT-6EFE4E01D0653009,,,BACKGROUND-SAMPLE,safesoc-wazuh-01,2026-05-14T03:03:03.588-0400,unrelated_background,unrelated,background,background_sample,wazuh,,,,N/A,N/A,550,Integrity checksum changed.,medium,Stratified background alert sampled from raw Wazuh export and not correlated to a scenario run.,Automated background sample for Sprint 8; manual review recommended.
LBL-BG-0053,ALERT-894907C06471D957,,,BACKGROUND-SAMPLE,safesoc-wazuh-01,2026-05-14T03:03:03.661-0400,unrelated_background,unrelated,background,background_sample,wazuh,,,,N/A,N/A,550,Integrity checksum changed.,medium,Stratified background alert sampled from raw Wazuh export and not correlated to a scenario run.,Automated background sample for Sprint 8; manual review recommended.
LBL-BG-0054,ALERT-445AE7248E585D7B,,,BACKGROUND-SAMPLE,safesoc-wazuh-01,2026-05-14T03:03:03.949-0400,unrelated_background,unrelated,background,background_sample,wazuh,,,,N/A,N/A,554,File added to the system.,medium,Stratified background alert sampled from raw Wazuh export and not correlated to a scenario run.,Automated background sample for Sprint 8; manual review recommended.
LBL-BG-0055,ALERT-B2FBAEF2FC4B15F1,,,BACKGROUND-SAMPLE,safesoc-wazuh-01,2026-05-14T03:03:03.953-0400,unrelated_background,unrelated,background,background_sample,wazuh,,,,N/A,N/A,554,File added to the system.,medium,Stratified background alert sampled from raw Wazuh export and not correlated to a scenario run.,Automated background sample for Sprint 8; manual review recommended.
LBL-BG-0056,ALERT-8B423AB04237081D,,,BACKGROUND-SAMPLE,safesoc-wazuh-01,2026-05-14T03:03:03.955-0400,unrelated_background,unrelated,background,background_sample,wazuh,,,,N/A,N/A,554,File added to the system.,medium,Stratified background alert sampled from raw Wazuh export and not correlated to a scenario run.,Automated background sample for Sprint 8; manual review recommended.
LBL-BG-0057,ALERT-4B292CECE3577D7E,,,BACKGROUND-SAMPLE,safesoc-wazuh-01,2026-05-14T03:03:03.958-0400,unrelated_background,unrelated,background,background_sample,wazuh,,,,N/A,N/A,554,File added to the system.,medium,Stratified background alert sampled from raw Wazuh export and not correlated to a scenario run.,Automated background sample for Sprint 8; manual review recommended.
LBL-BG-0058,ALERT-AF8C5A4929152652,,,BACKGROUND-SAMPLE,safesoc-wazuh-01,2026-05-14T03:03:06.489-0400,unrelated_background,unrelated,background,background_sample,wazuh,,,,N/A,N/A,553,File deleted.,medium,Stratified background alert sampled from raw Wazuh export and not correlated to a scenario run.,Automated background sample for Sprint 8; manual review recommended.
LBL-BG-0059,ALERT-B28EBA68574A4D09,,,BACKGROUND-SAMPLE,safesoc-wazuh-01,2026-05-14T03:03:06.489-0400,unrelated_background,unrelated,background,background_sample,wazuh,,,,N/A,N/A,553,File deleted.,medium,Stratified background alert sampled from raw Wazuh export and not correlated to a scenario run.,Automated background sample for Sprint 8; manual review recommended.
LBL-BG-0060,ALERT-81DB5912C44F3738,,,BACKGROUND-SAMPLE,safesoc-wazuh-01,2026-05-14T03:03:06.489-0400,unrelated_background,unrelated,background,background_sample,wazuh,,,,N/A,N/A,553,File deleted.,medium,Stratified background alert sampled from raw Wazuh export and not correlated to a scenario run.,Automated background sample for Sprint 8; manual review recommended.
LBL-BG-0061,ALERT-7B6E12670F9EDA7D,,,BACKGROUND-SAMPLE,safesoc-wazuh-01,2026-05-14T03:03:06.489-0400,unrelated_background,unrelated,background,background_sample,wazuh,,,,N/A,N/A,553,File deleted.,medium,Stratified background alert sampled from raw Wazuh export and not correlated to a scenario run.,Automated background sample for Sprint 8; manual review recommended.
LBL-BG-0062,ALERT-FE11179DC5D4E764,,,BACKGROUND-SAMPLE,safesoc-wazuh-01,2026-05-14T03:03:06.489-0400,unrelated_background,unrelated,background,background_sample,wazuh,,,,N/A,N/A,553,File deleted.,medium,Stratified background alert sampled from raw Wazuh export and not correlated to a scenario run.,Automated background sample for Sprint 8; manual review recommended.
LBL-BG-0063,ALERT-97F253B44CB43ED7,,,BACKGROUND-SAMPLE,safesoc-lnx-01,2026-05-14T03:16:21.881-0400,unrelated_background,unrelated,background,background_sample,wazuh,,,,N/A,N/A,5501,PAM: Login session opened.,medium,Stratified background alert sampled from raw Wazuh export and not correlated to a scenario run.,Automated background sample for Sprint 8; manual review recommended.
LBL-BG-0064,ALERT-A94177FE2159AB0B,,,BACKGROUND-SAMPLE,safesoc-lnx-01,2026-05-14T06:00:30.757-0400,unrelated_background,unrelated,background,background_sample,wazuh,,,,N/A,N/A,52002,Apparmor DENIED,medium,Stratified background alert sampled from raw Wazuh export and not correlated to a scenario run.,Automated background sample for Sprint 8; manual review recommended.
LBL-BG-0065,ALERT-46826299E74BF74D,,,BACKGROUND-SAMPLE,safesoc-lnx-01,2026-05-14T06:10:20.463-0400,unrelated_background,unrelated,background,background_sample,wazuh,,,,N/A,N/A,2904,Dpkg (Debian Package) half configured.,medium,Stratified background alert sampled from raw Wazuh export and not correlated to a scenario run.,Automated background sample for Sprint 8; manual review recommended.
LBL-BG-0066,ALERT-22EE463016DF55CE,,,BACKGROUND-SAMPLE,safesoc-lnx-01,2026-05-14T06:10:20.462-0400,unrelated_background,unrelated,background,background_sample,wazuh,,,,N/A,N/A,2904,Dpkg (Debian Package) half configured.,medium,Stratified background alert sampled from raw Wazuh export and not correlated to a scenario run.,Automated background sample for Sprint 8; manual review recommended.
LBL-BG-0067,ALERT-8F96CDCE68DF495C,,,BACKGROUND-SAMPLE,safesoc-lnx-01,2026-05-14T06:10:20.503-0400,unrelated_background,unrelated,background,background_sample,wazuh,,,,N/A,N/A,2904,Dpkg (Debian Package) half configured.,medium,Stratified background alert sampled from raw Wazuh export and not correlated to a scenario run.,Automated background sample for Sprint 8; manual review recommended.
LBL-BG-0068,ALERT-A046606DBDAB5329,,,BACKGROUND-SAMPLE,safesoc-lnx-01,2026-05-14T06:10:20.920-0400,unrelated_background,unrelated,background,background_sample,wazuh,,,,N/A,N/A,2904,Dpkg (Debian Package) half configured.,medium,Stratified background alert sampled from raw Wazuh export and not correlated to a scenario run.,Automated background sample for Sprint 8; manual review recommended.
LBL-BG-0069,ALERT-1A3459B4533005F9,,,BACKGROUND-SAMPLE,safesoc-lnx-01,2026-05-14T06:10:20.935-0400,unrelated_background,unrelated,background,background_sample,wazuh,,,,N/A,N/A,2904,Dpkg (Debian Package) half configured.,medium,Stratified background alert sampled from raw Wazuh export and not correlated to a scenario run.,Automated background sample for Sprint 8; manual review recommended.
LBL-BG-0070,ALERT-A89F6BF2E3B0F309,,,BACKGROUND-SAMPLE,safesoc-lnx-01,2026-05-14T06:10:20.964-0400,unrelated_background,unrelated,background,background_sample,wazuh,,,,N/A,N/A,2902,New dpkg (Debian Package) installed.,medium,Stratified background alert sampled from raw Wazuh export and not correlated to a scenario run.,Automated background sample for Sprint 8; manual review recommended.
LBL-BG-0071,ALERT-E4F24B43CCC62743,,,BACKGROUND-SAMPLE,safesoc-lnx-01,2026-05-14T06:10:20.973-0400,unrelated_background,unrelated,background,background_sample,wazuh,,,,N/A,N/A,2902,New dpkg (Debian Package) installed.,medium,Stratified background alert sampled from raw Wazuh export and not correlated to a scenario run.,Automated background sample for Sprint 8; manual review recommended.
LBL-BG-0072,ALERT-6BD00D9CA48DA577,,,BACKGROUND-SAMPLE,safesoc-lnx-01,2026-05-14T06:10:20.982-0400,unrelated_background,unrelated,background,background_sample,wazuh,,,,N/A,N/A,2902,New dpkg (Debian Package) installed.,medium,Stratified background alert sampled from raw Wazuh export and not correlated to a scenario run.,Automated background sample for Sprint 8; manual review recommended.
LBL-BG-0073,ALERT-5751589229947E77,,,BACKGROUND-SAMPLE,safesoc-lnx-01,2026-05-14T06:10:20.990-0400,unrelated_background,unrelated,background,background_sample,wazuh,,,,N/A,N/A,2902,New dpkg (Debian Package) installed.,medium,Stratified background alert sampled from raw Wazuh export and not correlated to a scenario run.,Automated background sample for Sprint 8; manual review recommended.
LBL-BG-0074,ALERT-DC7EB17D14B2275F,,,BACKGROUND-SAMPLE,safesoc-lnx-01,2026-05-14T06:10:20.999-0400,unrelated_background,unrelated,background,background_sample,wazuh,,,,N/A,N/A,2902,New dpkg (Debian Package) installed.,medium,Stratified background alert sampled from raw Wazuh export and not correlated to a scenario run.,Automated background sample for Sprint 8; manual review recommended.
LBL-BG-0075,ALERT-0C7E799328A3BCA0,,,BACKGROUND-SAMPLE,safesoc-lnx-01,2026-05-14T06:10:40.977-0400,unrelated_background,unrelated,background,background_sample,wazuh,,,,N/A,N/A,52002,Apparmor DENIED,medium,Stratified background alert sampled from raw Wazuh export and not correlated to a scenario run.,Automated background sample for Sprint 8; manual review recommended.
LBL-BG-0076,ALERT-7636FCB1C791FE3C,,,BACKGROUND-SAMPLE,safesoc-lnx-01,2026-05-14T06:10:52.459-0400,unrelated_background,unrelated,background,background_sample,wazuh,,,,N/A,N/A,2901,New dpkg (Debian Package) requested to install.,medium,Stratified background alert sampled from raw Wazuh export and not correlated to a scenario run.,Automated background sample for Sprint 8; manual review recommended.
LBL-BG-0077,ALERT-AF0E26EFBA921470,,,BACKGROUND-SAMPLE,safesoc-lnx-01,2026-05-14T06:10:52.949-0400,unrelated_background,unrelated,background,background_sample,wazuh,,,,N/A,N/A,2901,New dpkg (Debian Package) requested to install.,medium,Stratified background alert sampled from raw Wazuh export and not correlated to a scenario run.,Automated background sample for Sprint 8; manual review recommended.
LBL-BG-0078,ALERT-EE09DE0A3A0AC074,,,BACKGROUND-SAMPLE,safesoc-lnx-01,2026-05-14T06:10:54.459-0400,unrelated_background,unrelated,background,background_sample,wazuh,,,,N/A,N/A,2901,New dpkg (Debian Package) requested to install.,medium,Stratified background alert sampled from raw Wazuh export and not correlated to a scenario run.,Automated background sample for Sprint 8; manual review recommended.
LBL-BG-0079,ALERT-547450A468E3935B,,,BACKGROUND-SAMPLE,safesoc-lnx-01,2026-05-14T06:10:56.482-0400,unrelated_background,unrelated,background,background_sample,wazuh,,,,N/A,N/A,2901,New dpkg (Debian Package) requested to install.,medium,Stratified background alert sampled from raw Wazuh export and not correlated to a scenario run.,Automated background sample for Sprint 8; manual review recommended.
LBL-BG-0080,ALERT-865E9154E798E238,,,BACKGROUND-SAMPLE,safesoc-lnx-01,2026-05-14T06:10:58.461-0400,unrelated_background,unrelated,background,background_sample,wazuh,,,,N/A,N/A,2901,New dpkg (Debian Package) requested to install.,medium,Stratified background alert sampled from raw Wazuh export and not correlated to a scenario run.,Automated background sample for Sprint 8; manual review recommended.
LBL-BG-0081,ALERT-61B62623C112DF24,,,BACKGROUND-SAMPLE,safesoc-lnx-01,2026-05-14T06:13:20.998-0400,unrelated_background,unrelated,background,background_sample,wazuh,,,,N/A,N/A,5501,PAM: Login session opened.,medium,Stratified background alert sampled from raw Wazuh export and not correlated to a scenario run.,Automated background sample for Sprint 8; manual review recommended.
LBL-BG-0082,ALERT-59573A867DC503F0,,,BACKGROUND-SAMPLE,safesoc-lnx-01,2026-05-14T06:14:52.534-0400,unrelated_background,unrelated,background,background_sample,wazuh,,,,N/A,N/A,2903,Dpkg (Debian Package) removed.,medium,Stratified background alert sampled from raw Wazuh export and not correlated to a scenario run.,Automated background sample for Sprint 8; manual review recommended.
LBL-BG-0083,ALERT-966D70751144C920,,,BACKGROUND-SAMPLE,safesoc-lnx-01,2026-05-14T06:16:21.105-0400,unrelated_background,unrelated,background,background_sample,wazuh,,,,N/A,N/A,5501,PAM: Login session opened.,medium,Stratified background alert sampled from raw Wazuh export and not correlated to a scenario run.,Automated background sample for Sprint 8; manual review recommended.
LBL-BG-0084,ALERT-EB5403D7C17B21EA,,,BACKGROUND-SAMPLE,safesoc-lnx-01,2026-05-14T06:25:40.743-0400,unrelated_background,unrelated,background,background_sample,wazuh,,,,N/A,N/A,19010,CIS Ubuntu Linux 24.04 LTS Benchmark v1.0.0.: Ensure all AppArmor Profiles are in enforce or complain mode.: Status changed from failed to passed,medium,Stratified background alert sampled from raw Wazuh export and not correlated to a scenario run.,Automated background sample for Sprint 8; manual review recommended.
LBL-BG-0085,ALERT-7F8AAF4981020732,,,BACKGROUND-SAMPLE,safesoc-lnx-01,2026-05-14T06:25:41.497-0400,unrelated_background,unrelated,background,background_sample,wazuh,,,,N/A,N/A,19014,CIS Ubuntu Linux 24.04 LTS Benchmark v1.0.0.: Ensure sshd access is configured.: Status changed from 'not applicable' to failed,medium,Stratified background alert sampled from raw Wazuh export and not correlated to a scenario run.,Automated background sample for Sprint 8; manual review recommended.
LBL-BG-0086,ALERT-860A440827EC58D6,,,BACKGROUND-SAMPLE,safesoc-lnx-01,2026-05-14T06:25:41.513-0400,unrelated_background,unrelated,background,background_sample,wazuh,,,,N/A,N/A,19014,CIS Ubuntu Linux 24.04 LTS Benchmark v1.0.0.: Ensure sshd Banner is configured.: Status changed from 'not applicable' to failed,medium,Stratified background alert sampled from raw Wazuh export and not correlated to a scenario run.,Automated background sample for Sprint 8; manual review recommended.
LBL-BG-0087,ALERT-F6A98F702A60D9A8,,,BACKGROUND-SAMPLE,safesoc-lnx-01,2026-05-14T06:25:41.529-0400,unrelated_background,unrelated,background,background_sample,wazuh,,,,N/A,N/A,19015,CIS Ubuntu Linux 24.04 LTS Benchmark v1.0.0.: Ensure sshd Ciphers are configured.: Status changed from 'not applicable' to passed,medium,Stratified background alert sampled from raw Wazuh export and not correlated to a scenario run.,Automated background sample for Sprint 8; manual review recommended.
LBL-BG-0088,ALERT-D37CB85AD7C333AF,,,BACKGROUND-SAMPLE,safesoc-lnx-01,2026-05-14T06:25:41.543-0400,unrelated_background,unrelated,background,background_sample,wazuh,,,,N/A,N/A,19014,CIS Ubuntu Linux 24.04 LTS Benchmark v1.0.0.: Ensure sshd ClientAliveInterval and ClientAliveCountMax are configured.: Status changed from 'not applicable' to failed,medium,Stratified background alert sampled from raw Wazuh export and not correlated to a scenario run.,Automated background sample for Sprint 8; manual review recommended.
LBL-BG-0089,ALERT-53BC3BF6D8B7BABB,,,BACKGROUND-SAMPLE,safesoc-lnx-01,2026-05-14T06:25:41.561-0400,unrelated_background,unrelated,background,background_sample,wazuh,,,,N/A,N/A,19014,CIS Ubuntu Linux 24.04 LTS Benchmark v1.0.0.: Ensure sshd DisableForwarding is enabled.: Status changed from 'not applicable' to failed,medium,Stratified background alert sampled from raw Wazuh export and not correlated to a scenario run.,Automated background sample for Sprint 8; manual review recommended.
LBL-BG-0090,ALERT-AFB1BBF37EF8AF53,,,BACKGROUND-SAMPLE,safesoc-lnx-01,2026-05-14T06:25:41.578-0400,unrelated_background,unrelated,background,background_sample,wazuh,,,,N/A,N/A,19015,CIS Ubuntu Linux 24.04 LTS Benchmark v1.0.0.: Ensure sshd GSSAPIAuthentication is disabled.: Status changed from 'not applicable' to passed,medium,Stratified background alert sampled from raw Wazuh export and not correlated to a scenario run.,Automated background sample for Sprint 8; manual review recommended.
LBL-BG-0091,ALERT-90580735AD79B8C6,,,BACKGROUND-SAMPLE,safesoc-lnx-01,2026-05-14T06:25:41.594-0400,unrelated_background,unrelated,background,background_sample,wazuh,,,,N/A,N/A,19015,CIS Ubuntu Linux 24.04 LTS Benchmark v1.0.0.: Ensure sshd HostbasedAuthentication is disabled.: Status changed from 'not applicable' to passed,medium,Stratified background alert sampled from raw Wazuh export and not correlated to a scenario run.,Automated background sample for Sprint 8; manual review recommended.
LBL-BG-0092,ALERT-90D51FDCA3FD4AB6,,,BACKGROUND-SAMPLE,safesoc-lnx-01,2026-05-14T06:25:41.610-0400,unrelated_background,unrelated,background,background_sample,wazuh,,,,N/A,N/A,19015,CIS Ubuntu Linux 24.04 LTS Benchmark v1.0.0.: Ensure sshd IgnoreRhosts is enabled.: Status changed from 'not applicable' to passed,medium,Stratified background alert sampled from raw Wazuh export and not correlated to a scenario run.,Automated background sample for Sprint 8; manual review recommended.
LBL-BG-0093,ALERT-2543822FAFC9B86F,,,BACKGROUND-SAMPLE,safesoc-lnx-01,2026-05-14T06:25:41.627-0400,unrelated_background,unrelated,background,background_sample,wazuh,,,,N/A,N/A,19015,CIS Ubuntu Linux 24.04 LTS Benchmark v1.0.0.: Ensure sshd KexAlgorithms is configured.: Status changed from 'not applicable' to passed,medium,Stratified background alert sampled from raw Wazuh export and not correlated to a scenario run.,Automated background sample for Sprint 8; manual review recommended.
LBL-BG-0094,ALERT-95EED7FB68677887,,,BACKGROUND-SAMPLE,safesoc-lnx-01,2026-05-14T06:25:41.643-0400,unrelated_background,unrelated,background,background_sample,wazuh,,,,N/A,N/A,19014,CIS Ubuntu Linux 24.04 LTS Benchmark v1.0.0.: Ensure sshd LoginGraceTime is configured.: Status changed from 'not applicable' to failed,medium,Stratified background alert sampled from raw Wazuh export and not correlated to a scenario run.,Automated background sample for Sprint 8; manual review recommended.
LBL-BG-0095,ALERT-E2618EAE3F6920A9,,,BACKGROUND-SAMPLE,safesoc-lnx-01,2026-05-14T06:25:42.348-0400,unrelated_background,unrelated,background,background_sample,wazuh,,,,N/A,N/A,550,Integrity checksum changed.,medium,Stratified background alert sampled from raw Wazuh export and not correlated to a scenario run.,Automated background sample for Sprint 8; manual review recommended.
LBL-BG-0096,ALERT-BA2EC88435DD56F0,,,BACKGROUND-SAMPLE,safesoc-lnx-01,2026-05-14T06:25:42.436-0400,unrelated_background,unrelated,background,background_sample,wazuh,,,,N/A,N/A,550,Integrity checksum changed.,medium,Stratified background alert sampled from raw Wazuh export and not correlated to a scenario run.,Automated background sample for Sprint 8; manual review recommended.
LBL-BG-0097,ALERT-510D32DE9478102A,,,BACKGROUND-SAMPLE,safesoc-lnx-01,2026-05-14T06:25:42.451-0400,unrelated_background,unrelated,background,background_sample,wazuh,,,,N/A,N/A,554,File added to the system.,medium,Stratified background alert sampled from raw Wazuh export and not correlated to a scenario run.,Automated background sample for Sprint 8; manual review recommended.
LBL-BG-0098,ALERT-8E06F2A360F466B7,,,BACKGROUND-SAMPLE,safesoc-lnx-01,2026-05-14T06:25:42.502-0400,unrelated_background,unrelated,background,background_sample,wazuh,,,,N/A,N/A,554,File added to the system.,medium,Stratified background alert sampled from raw Wazuh export and not correlated to a scenario run.,Automated background sample for Sprint 8; manual review recommended.
LBL-BG-0099,ALERT-B7C35FE8E597B39C,,,BACKGROUND-SAMPLE,safesoc-lnx-01,2026-05-14T06:25:42.567-0400,unrelated_background,unrelated,background,background_sample,wazuh,,,,N/A,N/A,554,File added to the system.,medium,Stratified background alert sampled from raw Wazuh export and not correlated to a scenario run.,Automated background sample for Sprint 8; manual review recommended.
LBL-BG-0100,ALERT-BC76A0940FE7170F,,,BACKGROUND-SAMPLE,safesoc-lnx-01,2026-05-14T06:25:42.617-0400,unrelated_background,unrelated,background,background_sample,wazuh,,,,N/A,N/A,550,Integrity checksum changed.,medium,Stratified background alert sampled from raw Wazuh export and not correlated to a scenario run.,Automated background sample for Sprint 8; manual review recommended.
LBL-BG-0101,ALERT-6CFD6CFBCCBEE5AD,,,BACKGROUND-SAMPLE,safesoc-lnx-01,2026-05-14T06:25:42.768-0400,unrelated_background,unrelated,background,background_sample,wazuh,,,,N/A,N/A,554,File added to the system.,medium,Stratified background alert sampled from raw Wazuh export and not correlated to a scenario run.,Automated background sample for Sprint 8; manual review recommended.
LBL-BG-0102,ALERT-01F27AC06BE42724,,,BACKGROUND-SAMPLE,safesoc-lnx-01,2026-05-14T06:25:42.994-0400,unrelated_background,unrelated,background,background_sample,wazuh,,,,N/A,N/A,554,File added to the system.,medium,Stratified background alert sampled from raw Wazuh export and not correlated to a scenario run.,Automated background sample for Sprint 8; manual review recommended.
LBL-BG-0103,ALERT-4479E3A593C128DF,,,BACKGROUND-SAMPLE,safesoc-lnx-01,2026-05-14T06:25:43.016-0400,unrelated_background,unrelated,background,background_sample,wazuh,,,,N/A,N/A,550,Integrity checksum changed.,medium,Stratified background alert sampled from raw Wazuh export and not correlated to a scenario run.,Automated background sample for Sprint 8; manual review recommended.
LBL-BG-0104,ALERT-2B3FCB1BB0DB3F2A,,,BACKGROUND-SAMPLE,safesoc-lnx-01,2026-05-14T06:25:43.041-0400,unrelated_background,unrelated,background,background_sample,wazuh,,,,N/A,N/A,550,Integrity checksum changed.,medium,Stratified background alert sampled from raw Wazuh export and not correlated to a scenario run.,Automated background sample for Sprint 8; manual review recommended.
LBL-BG-0105,ALERT-35D66AACEA6D218B,,,BACKGROUND-SAMPLE,safesoc-lnx-01,2026-05-14T06:25:45.091-0400,unrelated_background,unrelated,background,background_sample,wazuh,,,,N/A,N/A,19004,SCA summary: CIS Ubuntu Linux 24.04 LTS Benchmark v1.0.0.: Score less than 50% (48),medium,Stratified background alert sampled from raw Wazuh export and not correlated to a scenario run.,Automated background sample for Sprint 8; manual review recommended.
LBL-BG-0106,ALERT-745919FB04CAD458,,,BACKGROUND-SAMPLE,safesoc-lnx-01,2026-05-14T06:27:54.456-0400,unrelated_background,unrelated,background,background_sample,wazuh,,,,N/A,N/A,23504,CVE-2024-52616 affects avahi-daemon,medium,Stratified background alert sampled from raw Wazuh export and not correlated to a scenario run.,Automated background sample for Sprint 8; manual review recommended.
LBL-BG-0107,ALERT-610DAEDD6FC88ACA,,,BACKGROUND-SAMPLE,safesoc-lnx-01,2026-05-14T06:27:54.468-0400,unrelated_background,unrelated,background,background_sample,wazuh,,,,N/A,N/A,23504,CVE-2024-52615 affects avahi-daemon,medium,Stratified background alert sampled from raw Wazuh export and not correlated to a scenario run.,Automated background sample for Sprint 8; manual review recommended.
LBL-BG-0108,ALERT-247014EF7AF7F841,,,BACKGROUND-SAMPLE,safesoc-lnx-01,2026-05-14T06:27:54.478-0400,unrelated_background,unrelated,background,background_sample,wazuh,,,,N/A,N/A,23504,CVE-2026-34933 affects avahi-daemon,medium,Stratified background alert sampled from raw Wazuh export and not correlated to a scenario run.,Automated background sample for Sprint 8; manual review recommended.
LBL-BG-0109,ALERT-E7D4071564EFBAA9,,,BACKGROUND-SAMPLE,safesoc-lnx-01,2026-05-14T06:27:54.489-0400,unrelated_background,unrelated,background,background_sample,wazuh,,,,N/A,N/A,23504,CVE-2026-24401 affects avahi-daemon,medium,Stratified background alert sampled from raw Wazuh export and not correlated to a scenario run.,Automated background sample for Sprint 8; manual review recommended.
LBL-BG-0110,ALERT-22A93C2D853B426B,,,BACKGROUND-SAMPLE,safesoc-lnx-01,2026-05-14T06:27:54.499-0400,unrelated_background,unrelated,background,background_sample,wazuh,,,,N/A,N/A,23504,CVE-2025-59529 affects avahi-daemon,medium,Stratified background alert sampled from raw Wazuh export and not correlated to a scenario run.,Automated background sample for Sprint 8; manual review recommended.
LBL-BG-0111,ALERT-C08C0D6EAEBBF700,,,BACKGROUND-SAMPLE,safesoc-lnx-01,2026-05-14T06:27:56.449-0400,unrelated_background,unrelated,background,background_sample,wazuh,,,,N/A,N/A,23503,CVE-2025-12199 affects dnsmasq-base,medium,Stratified background alert sampled from raw Wazuh export and not correlated to a scenario run.,Automated background sample for Sprint 8; manual review recommended.
LBL-BG-0112,ALERT-419AC86DCA4CC757,,,BACKGROUND-SAMPLE,safesoc-lnx-01,2026-05-14T06:27:56.459-0400,unrelated_background,unrelated,background,background_sample,wazuh,,,,N/A,N/A,23503,CVE-2025-12200 affects dnsmasq-base,medium,Stratified background alert sampled from raw Wazuh export and not correlated to a scenario run.,Automated background sample for Sprint 8; manual review recommended.
LBL-BG-0113,ALERT-FB3F72F7A38FCD3F,,,BACKGROUND-SAMPLE,safesoc-lnx-01,2026-05-14T06:27:56.469-0400,unrelated_background,unrelated,background,background_sample,wazuh,,,,N/A,N/A,23505,CVE-2025-12198 affects dnsmasq-base,medium,Stratified background alert sampled from raw Wazuh export and not correlated to a scenario run.,Automated background sample for Sprint 8; manual review recommended.
LBL-BG-0114,ALERT-8B28ADEA87312E01,,,BACKGROUND-SAMPLE,safesoc-lnx-01,2026-05-14T06:27:57.762-0400,unrelated_background,unrelated,background,background_sample,wazuh,,,,N/A,N/A,23503,CVE-2022-0987 affects gir1.2-packagekitglib-1.0,medium,Stratified background alert sampled from raw Wazuh export and not correlated to a scenario run.,Automated background sample for Sprint 8; manual review recommended.
LBL-BG-0115,ALERT-E3C7D4AB3AA4028D,,,BACKGROUND-SAMPLE,safesoc-lnx-01,2026-05-14T06:27:57.772-0400,unrelated_background,unrelated,background,background_sample,wazuh,,,,N/A,N/A,23503,CVE-2024-0217 affects gir1.2-packagekitglib-1.0,medium,Stratified background alert sampled from raw Wazuh export and not correlated to a scenario run.,Automated background sample for Sprint 8; manual review recommended.
LBL-BG-0116,ALERT-F9C8D97132042D51,,,BACKGROUND-SAMPLE,safesoc-lnx-01,2026-05-14T06:27:57.862-0400,unrelated_background,unrelated,background,background_sample,wazuh,,,,N/A,N/A,23505,CVE-2016-2568 affects gir1.2-polkit-1.0,medium,Stratified background alert sampled from raw Wazuh export and not correlated to a scenario run.,Automated background sample for Sprint 8; manual review recommended.
LBL-BG-0117,ALERT-403E4C2124DBC2B0,,,BACKGROUND-SAMPLE,safesoc-lnx-01,2026-05-14T06:27:57.988-0400,unrelated_background,unrelated,background,background_sample,wazuh,,,,N/A,N/A,23505,CVE-2025-14523 affects gir1.2-soup-3.0,medium,Stratified background alert sampled from raw Wazuh export and not correlated to a scenario run.,Automated background sample for Sprint 8; manual review recommended.
LBL-BG-0118,ALERT-44F3A547F1FB6624,,,BACKGROUND-SAMPLE,safesoc-lnx-01,2026-05-14T06:27:58.009-0400,unrelated_background,unrelated,background,background_sample,wazuh,,,,N/A,N/A,23503,CVE-2026-3633 affects gir1.2-soup-3.0,medium,Stratified background alert sampled from raw Wazuh export and not correlated to a scenario run.,Automated background sample for Sprint 8; manual review recommended.
LBL-BG-0119,ALERT-C5EBABDCF486433B,,,BACKGROUND-SAMPLE,safesoc-lnx-01,2026-05-14T06:27:58.041-0400,unrelated_background,unrelated,background,background_sample,wazuh,,,,N/A,N/A,23505,CVE-2025-32049 affects gir1.2-soup-3.0,medium,Stratified background alert sampled from raw Wazuh export and not correlated to a scenario run.,Automated background sample for Sprint 8; manual review recommended.
LBL-BG-0120,ALERT-99B93B29E0B201CA,,,BACKGROUND-SAMPLE,safesoc-lnx-01,2026-05-14T06:27:58.062-0400,unrelated_background,unrelated,background,background_sample,wazuh,,,,N/A,N/A,23505,CVE-2026-0719 affects gir1.2-soup-3.0,medium,Stratified background alert sampled from raw Wazuh export and not correlated to a scenario run.,Automated background sample for Sprint 8; manual review recommended.
LBL-BG-0121,ALERT-62002B40A539644B,,,BACKGROUND-SAMPLE,safesoc-lnx-01,2026-05-14T06:28:01.304-0400,unrelated_background,unrelated,background,background_sample,wazuh,,,,N/A,N/A,23506,CVE-2026-5121 affects libarchive13t64,medium,Stratified background alert sampled from raw Wazuh export and not correlated to a scenario run.,Automated background sample for Sprint 8; manual review recommended.
LBL-BG-0122,ALERT-A01C2B61CDD7466E,,,BACKGROUND-SAMPLE,safesoc-lnx-01,2026-05-14T06:28:10.586-0400,unrelated_background,unrelated,background,background_sample,wazuh,,,,N/A,N/A,23508,"CVE-2026-6409 affects libprotobuf32t64 (Missing information, CVE awaiting analysis)",medium,Stratified background alert sampled from raw Wazuh export and not correlated to a scenario run.,Automated background sample for Sprint 8; manual review recommended.
LBL-BG-0123,ALERT-EC4FF41D5F6DC28A,,,BACKGROUND-SAMPLE,safesoc-lnx-01,2026-05-14T06:28:10.787-0400,unrelated_background,unrelated,background,background_sample,wazuh,,,,N/A,N/A,23508,"CVE-2025-13462 affects libpython3.12-minimal (Missing information, CVE awaiting analysis)",medium,Stratified background alert sampled from raw Wazuh export and not correlated to a scenario run.,Automated background sample for Sprint 8; manual review recommended.
LBL-BG-0124,ALERT-F376FE5A13222D1F,,,BACKGROUND-SAMPLE,safesoc-lnx-01,2026-05-14T06:28:10.797-0400,unrelated_background,unrelated,background,background_sample,wazuh,,,,N/A,N/A,23508,"CVE-2026-2297 affects libpython3.12-minimal (Missing information, CVE awaiting analysis)",medium,Stratified background alert sampled from raw Wazuh export and not correlated to a scenario run.,Automated background sample for Sprint 8; manual review recommended.
LBL-BG-0125,ALERT-E2BEA277E749DAB3,,,BACKGROUND-SAMPLE,safesoc-lnx-01,2026-05-14T06:28:10.883-0400,unrelated_background,unrelated,background,background_sample,wazuh,,,,N/A,N/A,23508,"CVE-2025-13462 affects libpython3.12-stdlib (Missing information, CVE awaiting analysis)",medium,Stratified background alert sampled from raw Wazuh export and not correlated to a scenario run.,Automated background sample for Sprint 8; manual review recommended.
LBL-BG-0126,ALERT-9E33679519C9A2D1,,,BACKGROUND-SAMPLE,safesoc-lnx-01,2026-05-14T06:28:10.894-0400,unrelated_background,unrelated,background,background_sample,wazuh,,,,N/A,N/A,23508,"CVE-2026-2297 affects libpython3.12-stdlib (Missing information, CVE awaiting analysis)",medium,Stratified background alert sampled from raw Wazuh export and not correlated to a scenario run.,Automated background sample for Sprint 8; manual review recommended.
LBL-BG-0127,ALERT-A25713CB922D2FB5,,,BACKGROUND-SAMPLE,safesoc-lnx-01,2026-05-14T06:28:14.721-0400,unrelated_background,unrelated,background,background_sample,wazuh,,,,N/A,N/A,23506,CVE-2026-31436 affects linux-image-6.17.0-23-generic,medium,Stratified background alert sampled from raw Wazuh export and not correlated to a scenario run.,Automated background sample for Sprint 8; manual review recommended.
LBL-BG-0128,ALERT-26B79991429AC34B,,,BACKGROUND-SAMPLE,safesoc-lnx-01,2026-05-14T06:28:14.953-0400,unrelated_background,unrelated,background,background_sample,wazuh,,,,N/A,N/A,23506,CVE-2026-31414 affects linux-image-6.17.0-23-generic,medium,Stratified background alert sampled from raw Wazuh export and not correlated to a scenario run.,Automated background sample for Sprint 8; manual review recommended.
LBL-BG-0129,ALERT-18DF8BD68916DA62,,,BACKGROUND-SAMPLE,safesoc-lnx-01,2026-05-14T06:28:15.141-0400,unrelated_background,unrelated,background,background_sample,wazuh,,,,N/A,N/A,23506,CVE-2026-23455 affects linux-image-6.17.0-23-generic,medium,Stratified background alert sampled from raw Wazuh export and not correlated to a scenario run.,Automated background sample for Sprint 8; manual review recommended.
LBL-BG-0130,ALERT-DD2C9846BEE026D5,,,BACKGROUND-SAMPLE,safesoc-lnx-01,2026-05-14T06:28:15.183-0400,unrelated_background,unrelated,background,background_sample,wazuh,,,,N/A,N/A,23506,CVE-2026-23450 affects linux-image-6.17.0-23-generic,medium,Stratified background alert sampled from raw Wazuh export and not correlated to a scenario run.,Automated background sample for Sprint 8; manual review recommended.
LBL-BG-0131,ALERT-19264E104D26BA3B,,,BACKGROUND-SAMPLE,safesoc-lnx-01,2026-05-14T06:28:28.302-0400,unrelated_background,unrelated,background,background_sample,wazuh,,,,N/A,N/A,23502,The CVE-2025-68471 that affected avahi-daemon was solved due to an update in the agent or feed.,medium,Stratified background alert sampled from raw Wazuh export and not correlated to a scenario run.,Automated background sample for Sprint 8; manual review recommended.
LBL-BG-0132,ALERT-5C5DEFA953060384,,,BACKGROUND-SAMPLE,safesoc-lnx-01,2026-05-14T06:28:28.313-0400,unrelated_background,unrelated,background,background_sample,wazuh,,,,N/A,N/A,23502,The CVE-2024-52615 that affected avahi-daemon was solved due to an update in the agent or feed.,medium,Stratified background alert sampled from raw Wazuh export and not correlated to a scenario run.,Automated background sample for Sprint 8; manual review recommended.
LBL-BG-0133,ALERT-7122C9D9473EA7FD,,,BACKGROUND-SAMPLE,safesoc-lnx-01,2026-05-14T06:28:28.324-0400,unrelated_background,unrelated,background,background_sample,wazuh,,,,N/A,N/A,23502,The CVE-2025-68468 that affected avahi-daemon was solved due to an update in the agent or feed.,medium,Stratified background alert sampled from raw Wazuh export and not correlated to a scenario run.,Automated background sample for Sprint 8; manual review recommended.
LBL-BG-0134,ALERT-8275492D00BF2DA0,,,BACKGROUND-SAMPLE,safesoc-lnx-01,2026-05-14T06:28:28.334-0400,unrelated_background,unrelated,background,background_sample,wazuh,,,,N/A,N/A,23502,The CVE-2025-59529 that affected avahi-daemon was solved due to an update in the agent or feed.,medium,Stratified background alert sampled from raw Wazuh export and not correlated to a scenario run.,Automated background sample for Sprint 8; manual review recommended.
LBL-BG-0135,ALERT-DD025BD07F680F9F,,,BACKGROUND-SAMPLE,safesoc-lnx-01,2026-05-14T06:28:28.345-0400,unrelated_background,unrelated,background,background_sample,wazuh,,,,N/A,N/A,23502,The CVE-2025-68276 that affected avahi-daemon was solved due to an update in the agent or feed.,medium,Stratified background alert sampled from raw Wazuh export and not correlated to a scenario run.,Automated background sample for Sprint 8; manual review recommended.
LBL-BG-0136,ALERT-7A22D2133BD97535,,,BACKGROUND-SAMPLE,safesoc-lnx-01,2026-05-14T09:00:29.543-0400,unrelated_background,unrelated,background,background_sample,wazuh,,,,N/A,N/A,52002,Apparmor DENIED,medium,Stratified background alert sampled from raw Wazuh export and not correlated to a scenario run.,Automated background sample for Sprint 8; manual review recommended.
LBL-BG-0137,ALERT-29DE872A76258150,,,BACKGROUND-SAMPLE,safesoc-win-01,2026-05-14T12:23:15.619-0400,unrelated_background,unrelated,background,background_sample,wazuh,,,,N/A,N/A,61104,Service startup type was changed,medium,Stratified background alert sampled from raw Wazuh export and not correlated to a scenario run.,Automated background sample for Sprint 8; manual review recommended.
LBL-BG-0138,ALERT-8047DE06835642B9,,,BACKGROUND-SAMPLE,safesoc-win-01,2026-05-14T12:23:15.839-0400,unrelated_background,unrelated,background,background_sample,wazuh,,,,N/A,N/A,60646,License activation (slui.exe) failed.,medium,Stratified background alert sampled from raw Wazuh export and not correlated to a scenario run.,Automated background sample for Sprint 8; manual review recommended.
LBL-BG-0139,ALERT-FB4C9DBECC0480B6,,,BACKGROUND-SAMPLE,safesoc-win-01,2026-05-14T12:23:16.226-0400,unrelated_background,unrelated,background,background_sample,wazuh,,,,N/A,N/A,92052,Windows command prompt started by an abnormal process,medium,Stratified background alert sampled from raw Wazuh export and not correlated to a scenario run.,Automated background sample for Sprint 8; manual review recommended.
LBL-BG-0140,ALERT-6FDE5244EC959737,,,BACKGROUND-SAMPLE,safesoc-win-01,2026-05-14T12:23:16.321-0400,unrelated_background,unrelated,background,background_sample,wazuh,,,,N/A,N/A,92032,Suspicious Windows cmd shell execution,medium,Stratified background alert sampled from raw Wazuh export and not correlated to a scenario run.,Automated background sample for Sprint 8; manual review recommended.
LBL-BG-0141,ALERT-4BD3B8940EF1DD82,,,BACKGROUND-SAMPLE,safesoc-win-01,2026-05-14T12:23:16.466-0400,unrelated_background,unrelated,background,background_sample,wazuh,,,,N/A,N/A,92021,Powershell was used to delete files or directories,medium,Stratified background alert sampled from raw Wazuh export and not correlated to a scenario run.,Automated background sample for Sprint 8; manual review recommended.
LBL-BG-0142,ALERT-60B34C5081741F5E,,,BACKGROUND-SAMPLE,safesoc-win-01,2026-05-14T12:23:16.479-0400,unrelated_background,unrelated,background,background_sample,wazuh,,,,N/A,N/A,92032,Suspicious Windows cmd shell execution,medium,Stratified background alert sampled from raw Wazuh export and not correlated to a scenario run.,Automated background sample for Sprint 8; manual review recommended.
LBL-BG-0143,ALERT-3866F0CF01C5269D,,,BACKGROUND-SAMPLE,safesoc-win-01,2026-05-14T12:23:17.669-0400,unrelated_background,unrelated,background,background_sample,wazuh,,,,N/A,N/A,92066,C:\\Windows\\SysWOW64\\SecEdit.exe binary in a suspicious location launched by C:\\Windows\\SysWOW64\\WindowsPowerShell\\v1.0\\powershell.exe,medium,Stratified background alert sampled from raw Wazuh export and not correlated to a scenario run.,Automated background sample for Sprint 8; manual review recommended.
LBL-BG-0144,ALERT-4D7B7690A70C0040,,,BACKGROUND-SAMPLE,safesoc-win-01,2026-05-14T12:23:18.752-0400,unrelated_background,unrelated,background,background_sample,wazuh,,,,N/A,N/A,594,Registry Key Integrity Checksum Changed,medium,Stratified background alert sampled from raw Wazuh export and not correlated to a scenario run.,Automated background sample for Sprint 8; manual review recommended.
LBL-BG-0145,ALERT-80D9B407424BB2D2,,,BACKGROUND-SAMPLE,safesoc-win-01,2026-05-14T12:23:18.832-0400,unrelated_background,unrelated,background,background_sample,wazuh,,,,N/A,N/A,594,Registry Key Integrity Checksum Changed,medium,Stratified background alert sampled from raw Wazuh export and not correlated to a scenario run.,Automated background sample for Sprint 8; manual review recommended.
LBL-BG-0146,ALERT-EFABE6FF41B130B0,,,BACKGROUND-SAMPLE,safesoc-win-01,2026-05-14T12:23:18.901-0400,unrelated_background,unrelated,background,background_sample,wazuh,,,,N/A,N/A,92021,Powershell was used to delete files or directories,medium,Stratified background alert sampled from raw Wazuh export and not correlated to a scenario run.,Automated background sample for Sprint 8; manual review recommended.
LBL-BG-0147,ALERT-DDAD4C63C7BF7576,,,BACKGROUND-SAMPLE,safesoc-win-01,2026-05-14T12:23:20.964-0400,unrelated_background,unrelated,background,background_sample,wazuh,,,,N/A,N/A,92066,C:\\Windows\\SysWOW64\\SecEdit.exe binary in a suspicious location launched by C:\\Windows\\SysWOW64\\WindowsPowerShell\\v1.0\\powershell.exe,medium,Stratified background alert sampled from raw Wazuh export and not correlated to a scenario run.,Automated background sample for Sprint 8; manual review recommended.
LBL-BG-0148,ALERT-1845D451DA56C07A,,,BACKGROUND-SAMPLE,safesoc-win-01,2026-05-14T12:23:20.978-0400,unrelated_background,unrelated,background,background_sample,wazuh,,,,N/A,N/A,92021,Powershell was used to delete files or directories,medium,Stratified background alert sampled from raw Wazuh export and not correlated to a scenario run.,Automated background sample for Sprint 8; manual review recommended.
LBL-BG-0149,ALERT-10D1088827C9C523,,,BACKGROUND-SAMPLE,safesoc-win-01,2026-05-14T12:23:21.584-0400,unrelated_background,unrelated,background,background_sample,wazuh,,,,N/A,N/A,752,Registry Value Entry Added to the System,medium,Stratified background alert sampled from raw Wazuh export and not correlated to a scenario run.,Automated background sample for Sprint 8; manual review recommended.
LBL-BG-0150,ALERT-1C21546A7D66C05A,,,BACKGROUND-SAMPLE,safesoc-win-01,2026-05-14T12:23:21.585-0400,unrelated_background,unrelated,background,background_sample,wazuh,,,,N/A,N/A,598,Registry Key Entry Added to the System,medium,Stratified background alert sampled from raw Wazuh export and not correlated to a scenario run.,Automated background sample for Sprint 8; manual review recommended.
LBL-BG-0151,ALERT-3498F28D5BC36038,,,BACKGROUND-SAMPLE,safesoc-win-01,2026-05-14T12:23:21.606-0400,unrelated_background,unrelated,background,background_sample,wazuh,,,,N/A,N/A,752,Registry Value Entry Added to the System,medium,Stratified background alert sampled from raw Wazuh export and not correlated to a scenario run.,Automated background sample for Sprint 8; manual review recommended.
LBL-BG-0152,ALERT-D50060796153F10B,,,BACKGROUND-SAMPLE,safesoc-win-01,2026-05-14T12:23:21.618-0400,unrelated_background,unrelated,background,background_sample,wazuh,,,,N/A,N/A,752,Registry Value Entry Added to the System,medium,Stratified background alert sampled from raw Wazuh export and not correlated to a scenario run.,Automated background sample for Sprint 8; manual review recommended.
LBL-BG-0153,ALERT-77CDDCD230417EDC,,,BACKGROUND-SAMPLE,safesoc-win-01,2026-05-14T12:23:21.633-0400,unrelated_background,unrelated,background,background_sample,wazuh,,,,N/A,N/A,752,Registry Value Entry Added to the System,medium,Stratified background alert sampled from raw Wazuh export and not correlated to a scenario run.,Automated background sample for Sprint 8; manual review recommended.
LBL-BG-0154,ALERT-99411A04E2FA6438,,,BACKGROUND-SAMPLE,safesoc-win-01,2026-05-14T12:23:21.648-0400,unrelated_background,unrelated,background,background_sample,wazuh,,,,N/A,N/A,594,Registry Key Integrity Checksum Changed,medium,Stratified background alert sampled from raw Wazuh export and not correlated to a scenario run.,Automated background sample for Sprint 8; manual review recommended.
LBL-BG-0155,ALERT-1E5E6E1677E86BF0,,,BACKGROUND-SAMPLE,safesoc-win-01,2026-05-14T12:23:21.665-0400,unrelated_background,unrelated,background,background_sample,wazuh,,,,N/A,N/A,752,Registry Value Entry Added to the System,medium,Stratified background alert sampled from raw Wazuh export and not correlated to a scenario run.,Automated background sample for Sprint 8; manual review recommended.
LBL-BG-0156,ALERT-93B633BCA1B9BBEE,,,BACKGROUND-SAMPLE,safesoc-win-01,2026-05-14T12:23:21.752-0400,unrelated_background,unrelated,background,background_sample,wazuh,,,,N/A,N/A,594,Registry Key Integrity Checksum Changed,medium,Stratified background alert sampled from raw Wazuh export and not correlated to a scenario run.,Automated background sample for Sprint 8; manual review recommended.
LBL-BG-0157,ALERT-F0BC9E4C57D26210,,,BACKGROUND-SAMPLE,safesoc-win-01,2026-05-14T12:23:21.752-0400,unrelated_background,unrelated,background,background_sample,wazuh,,,,N/A,N/A,750,Registry Value Integrity Checksum Changed,medium,Stratified background alert sampled from raw Wazuh export and not correlated to a scenario run.,Automated background sample for Sprint 8; manual review recommended.
LBL-BG-0158,ALERT-ADEF1F0CA9035EFE,,,BACKGROUND-SAMPLE,safesoc-win-01,2026-05-14T12:23:21.762-0400,unrelated_background,unrelated,background,background_sample,wazuh,,,,N/A,N/A,750,Registry Value Integrity Checksum Changed,medium,Stratified background alert sampled from raw Wazuh export and not correlated to a scenario run.,Automated background sample for Sprint 8; manual review recommended.
LBL-BG-0159,ALERT-B3C87D3DB980FAB1,,,BACKGROUND-SAMPLE,safesoc-win-01,2026-05-14T12:23:21.780-0400,unrelated_background,unrelated,background,background_sample,wazuh,,,,N/A,N/A,750,Registry Value Integrity Checksum Changed,medium,Stratified background alert sampled from raw Wazuh export and not correlated to a scenario run.,Automated background sample for Sprint 8; manual review recommended.
LBL-BG-0160,ALERT-A14D006CC1AB2706,,,BACKGROUND-SAMPLE,safesoc-win-01,2026-05-14T12:23:21.821-0400,unrelated_background,unrelated,background,background_sample,wazuh,,,,N/A,N/A,750,Registry Value Integrity Checksum Changed,medium,Stratified background alert sampled from raw Wazuh export and not correlated to a scenario run.,Automated background sample for Sprint 8; manual review recommended.
LBL-BG-0161,ALERT-3E81C6B265420FA9,,,BACKGROUND-SAMPLE,safesoc-win-01,2026-05-14T12:23:21.822-0400,unrelated_background,unrelated,background,background_sample,wazuh,,,,N/A,N/A,750,Registry Value Integrity Checksum Changed,medium,Stratified background alert sampled from raw Wazuh export and not correlated to a scenario run.,Automated background sample for Sprint 8; manual review recommended.
LBL-BG-0162,ALERT-2387D0B0C8CABF6F,,,BACKGROUND-SAMPLE,safesoc-win-01,2026-05-14T12:23:21.837-0400,unrelated_background,unrelated,background,background_sample,wazuh,,,,N/A,N/A,594,Registry Key Integrity Checksum Changed,medium,Stratified background alert sampled from raw Wazuh export and not correlated to a scenario run.,Automated background sample for Sprint 8; manual review recommended.
LBL-BG-0163,ALERT-0FE4576C26C7DCD2,,,BACKGROUND-SAMPLE,safesoc-win-01,2026-05-14T12:23:22.660-0400,unrelated_background,unrelated,background,background_sample,wazuh,,,,N/A,N/A,92066,C:\\Windows\\SysWOW64\\SecEdit.exe binary in a suspicious location launched by C:\\Windows\\SysWOW64\\WindowsPowerShell\\v1.0\\powershell.exe,medium,Stratified background alert sampled from raw Wazuh export and not correlated to a scenario run.,Automated background sample for Sprint 8; manual review recommended.
LBL-BG-0164,ALERT-2A35E03F13F7BDC7,,,BACKGROUND-SAMPLE,safesoc-win-01,2026-05-14T12:23:22.688-0400,unrelated_background,unrelated,background,background_sample,wazuh,,,,N/A,N/A,92021,Powershell was used to delete files or directories,medium,Stratified background alert sampled from raw Wazuh export and not correlated to a scenario run.,Automated background sample for Sprint 8; manual review recommended.
LBL-BG-0165,ALERT-F1B6F331FD6620A6,,,BACKGROUND-SAMPLE,safesoc-win-01,2026-05-14T12:23:23.615-0400,unrelated_background,unrelated,background,background_sample,wazuh,,,,N/A,N/A,598,Registry Key Entry Added to the System,medium,Stratified background alert sampled from raw Wazuh export and not correlated to a scenario run.,Automated background sample for Sprint 8; manual review recommended.
LBL-BG-0166,ALERT-BFAD7FB0954A8EE4,,,BACKGROUND-SAMPLE,safesoc-win-01,2026-05-14T12:23:24.544-0400,unrelated_background,unrelated,background,background_sample,wazuh,,,,N/A,N/A,92066,C:\\Windows\\SysWOW64\\SecEdit.exe binary in a suspicious location launched by C:\\Windows\\SysWOW64\\WindowsPowerShell\\v1.0\\powershell.exe,medium,Stratified background alert sampled from raw Wazuh export and not correlated to a scenario run.,Automated background sample for Sprint 8; manual review recommended.
LBL-BG-0167,ALERT-46711C16B8439D11,,,BACKGROUND-SAMPLE,safesoc-win-01,2026-05-14T12:23:24.593-0400,unrelated_background,unrelated,background,background_sample,wazuh,,,,N/A,N/A,92021,Powershell was used to delete files or directories,medium,Stratified background alert sampled from raw Wazuh export and not correlated to a scenario run.,Automated background sample for Sprint 8; manual review recommended.
LBL-BG-0168,ALERT-05566EB22ACB9FBC,,,BACKGROUND-SAMPLE,safesoc-win-01,2026-05-14T12:23:25.307-0400,unrelated_background,unrelated,background,background_sample,wazuh,,,,N/A,N/A,598,Registry Key Entry Added to the System,medium,Stratified background alert sampled from raw Wazuh export and not correlated to a scenario run.,Automated background sample for Sprint 8; manual review recommended.
LBL-BG-0169,ALERT-B4917CBF29F9E8E6,,,BACKGROUND-SAMPLE,safesoc-win-01,2026-05-14T12:23:26.149-0400,unrelated_background,unrelated,background,background_sample,wazuh,,,,N/A,N/A,92066,C:\\Windows\\SysWOW64\\SecEdit.exe binary in a suspicious location launched by C:\\Windows\\SysWOW64\\WindowsPowerShell\\v1.0\\powershell.exe,medium,Stratified background alert sampled from raw Wazuh export and not correlated to a scenario run.,Automated background sample for Sprint 8; manual review recommended.
LBL-BG-0170,ALERT-202040691C33E222,,,BACKGROUND-SAMPLE,safesoc-win-01,2026-05-14T12:23:31.359-0400,unrelated_background,unrelated,background,background_sample,wazuh,,,,N/A,N/A,92031,Discovery activity executed,medium,Stratified background alert sampled from raw Wazuh export and not correlated to a scenario run.,Automated background sample for Sprint 8; manual review recommended.
LBL-BG-0171,ALERT-888B81D3B2A132D0,,,BACKGROUND-SAMPLE,safesoc-win-01,2026-05-14T12:23:31.406-0400,unrelated_background,unrelated,background,background_sample,wazuh,,,,N/A,N/A,92031,Discovery activity executed,medium,Stratified background alert sampled from raw Wazuh export and not correlated to a scenario run.,Automated background sample for Sprint 8; manual review recommended.
LBL-BG-0172,ALERT-7FC3D6A6B4DE31C3,,,BACKGROUND-SAMPLE,safesoc-win-01,2026-05-14T12:23:31.470-0400,unrelated_background,unrelated,background,background_sample,wazuh,,,,N/A,N/A,92031,Discovery activity executed,medium,Stratified background alert sampled from raw Wazuh export and not correlated to a scenario run.,Automated background sample for Sprint 8; manual review recommended.
LBL-BG-0173,ALERT-E661CC3BD1D9E87B,,,BACKGROUND-SAMPLE,safesoc-win-01,2026-05-14T12:23:31.501-0400,unrelated_background,unrelated,background,background_sample,wazuh,,,,N/A,N/A,92031,Discovery activity executed,medium,Stratified background alert sampled from raw Wazuh export and not correlated to a scenario run.,Automated background sample for Sprint 8; manual review recommended.
LBL-BG-0174,ALERT-AA1F4C5343611A80,,,BACKGROUND-SAMPLE,safesoc-win-01,2026-05-14T12:23:45.857-0400,unrelated_background,unrelated,background,background_sample,wazuh,,,,N/A,N/A,60642,Software protection service scheduled successfully.,medium,Stratified background alert sampled from raw Wazuh export and not correlated to a scenario run.,Automated background sample for Sprint 8; manual review recommended.
LBL-BG-0175,ALERT-41AAC27750AC34C5,,,BACKGROUND-SAMPLE,safesoc-win-01,2026-05-14T12:25:50.170-0400,unrelated_background,unrelated,background,background_sample,wazuh,,,,N/A,N/A,60118,Windows Workstation Logon Success,medium,Stratified background alert sampled from raw Wazuh export and not correlated to a scenario run.,Automated background sample for Sprint 8; manual review recommended.
LBL-BG-0176,ALERT-D854699BFA5FBED9,,,BACKGROUND-SAMPLE,safesoc-win-01,2026-05-14T12:25:50.172-0400,unrelated_background,unrelated,background,background_sample,wazuh,,,,N/A,N/A,60118,Windows Workstation Logon Success,medium,Stratified background alert sampled from raw Wazuh export and not correlated to a scenario run.,Automated background sample for Sprint 8; manual review recommended.
LBL-BG-0177,ALERT-958C9053450FB9DA,,,BACKGROUND-SAMPLE,safesoc-win-01,2026-05-14T12:25:50.173-0400,unrelated_background,unrelated,background,background_sample,wazuh,,,,N/A,N/A,67028,Special privileges assigned to new logon.,medium,Stratified background alert sampled from raw Wazuh export and not correlated to a scenario run.,Automated background sample for Sprint 8; manual review recommended.
LBL-BG-0178,ALERT-32297A9ABE6E588F,,,BACKGROUND-SAMPLE,safesoc-win-01,2026-05-14T12:25:50.192-0400,unrelated_background,unrelated,background,background_sample,wazuh,,,,N/A,N/A,67023,Non service account logged off.,medium,Stratified background alert sampled from raw Wazuh export and not correlated to a scenario run.,Automated background sample for Sprint 8; manual review recommended.
LBL-BG-0179,ALERT-D67B76F768A3B6E7,,,BACKGROUND-SAMPLE,safesoc-win-01,2026-05-14T12:25:50.222-0400,unrelated_background,unrelated,background,background_sample,wazuh,,,,N/A,N/A,67023,Non service account logged off.,medium,Stratified background alert sampled from raw Wazuh export and not correlated to a scenario run.,Automated background sample for Sprint 8; manual review recommended.
LBL-BG-0180,ALERT-E3C88676F44FED5F,,,BACKGROUND-SAMPLE,safesoc-win-01,2026-05-14T12:28:13.441-0400,unrelated_background,unrelated,background,background_sample,wazuh,,,,N/A,N/A,60642,Software protection service scheduled successfully.,medium,Stratified background alert sampled from raw Wazuh export and not correlated to a scenario run.,Automated background sample for Sprint 8; manual review recommended.
LBL-BG-0181,ALERT-0E7E51F7568F4346,,,BACKGROUND-SAMPLE,safesoc-win-01,2026-05-14T12:28:14.526-0400,unrelated_background,unrelated,background,background_sample,wazuh,,,,N/A,N/A,61640,Sysmon - Suspicious Process - explorer.exe,medium,Stratified background alert sampled from raw Wazuh export and not correlated to a scenario run.,Automated background sample for Sprint 8; manual review recommended.
LBL-BG-0182,ALERT-A5714D8AC21F6555,,,BACKGROUND-SAMPLE,safesoc-win-01,2026-05-14T12:29:19.536-0400,unrelated_background,unrelated,background,background_sample,wazuh,,,,N/A,N/A,61104,Service startup type was changed,medium,Stratified background alert sampled from raw Wazuh export and not correlated to a scenario run.,Automated background sample for Sprint 8; manual review recommended.
LBL-BG-0183,ALERT-73C134B9ECE9AD23,,,BACKGROUND-SAMPLE,safesoc-win-01,2026-05-14T12:29:49.336-0400,unrelated_background,unrelated,background,background_sample,wazuh,,,,N/A,N/A,60642,Software protection service scheduled successfully.,medium,Stratified background alert sampled from raw Wazuh export and not correlated to a scenario run.,Automated background sample for Sprint 8; manual review recommended.
LBL-BG-0184,ALERT-03CAD068260B2061,,,BACKGROUND-SAMPLE,safesoc-win-01,2026-05-14T12:30:40.063-0400,unrelated_background,unrelated,background,background_sample,wazuh,,,,N/A,N/A,60642,Software protection service scheduled successfully.,medium,Stratified background alert sampled from raw Wazuh export and not correlated to a scenario run.,Automated background sample for Sprint 8; manual review recommended.
LBL-BG-0185,ALERT-725F5395CFF2BF85,,,BACKGROUND-SAMPLE,safesoc-win-01,2026-05-14T12:31:44.771-0400,unrelated_background,unrelated,background,background_sample,wazuh,,,,N/A,N/A,92033,Discovery activity spawned via powershell execution,medium,Stratified background alert sampled from raw Wazuh export and not correlated to a scenario run.,Automated background sample for Sprint 8; manual review recommended.
LBL-BG-0186,ALERT-CEAA65BCFE5C938D,,,BACKGROUND-SAMPLE,safesoc-win-01,2026-05-14T12:31:44.772-0400,unrelated_background,unrelated,background,background_sample,wazuh,,,,N/A,N/A,92031,Discovery activity executed,medium,Stratified background alert sampled from raw Wazuh export and not correlated to a scenario run.,Automated background sample for Sprint 8; manual review recommended.
LBL-BG-0187,ALERT-F6E6F952F1F184FC,,,BACKGROUND-SAMPLE,safesoc-win-01,2026-05-14T12:31:47.576-0400,unrelated_background,unrelated,background,background_sample,wazuh,,,,N/A,N/A,92033,Discovery activity spawned via powershell execution,medium,Stratified background alert sampled from raw Wazuh export and not correlated to a scenario run.,Automated background sample for Sprint 8; manual review recommended.
LBL-BG-0188,ALERT-2C8327A5F09D4195,,,BACKGROUND-SAMPLE,safesoc-win-01,2026-05-14T12:41:30.558-0400,unrelated_background,unrelated,background,background_sample,wazuh,,,,N/A,N/A,60642,Software protection service scheduled successfully.,medium,Stratified background alert sampled from raw Wazuh export and not correlated to a scenario run.,Automated background sample for Sprint 8; manual review recommended.
LBL-BG-0189,ALERT-612C0362F5A2ACAA,,,BACKGROUND-SAMPLE,safesoc-win-01,2026-05-14T12:51:57.561-0400,unrelated_background,unrelated,background,background_sample,wazuh,,,,N/A,N/A,61104,Service startup type was changed,medium,Stratified background alert sampled from raw Wazuh export and not correlated to a scenario run.,Automated background sample for Sprint 8; manual review recommended.
LBL-BG-0190,ALERT-FA0E86EC33323A0D,,,BACKGROUND-SAMPLE,safesoc-win-01,2026-05-14T12:52:49.700-0400,unrelated_background,unrelated,background,background_sample,wazuh,,,,N/A,N/A,92052,Windows command prompt started by an abnormal process,medium,Stratified background alert sampled from raw Wazuh export and not correlated to a scenario run.,Automated background sample for Sprint 8; manual review recommended.
LBL-BG-0191,ALERT-EAD87F5C4E6A29BA,,,BACKGROUND-SAMPLE,safesoc-win-01,2026-05-14T12:52:49.875-0400,unrelated_background,unrelated,background,background_sample,wazuh,,,,N/A,N/A,92032,Suspicious Windows cmd shell execution,medium,Stratified background alert sampled from raw Wazuh export and not correlated to a scenario run.,Automated background sample for Sprint 8; manual review recommended.
LBL-BG-0192,ALERT-BCBD4006E71B62F3,,,BACKGROUND-SAMPLE,safesoc-win-01,2026-05-14T12:52:50.941-0400,unrelated_background,unrelated,background,background_sample,wazuh,,,,N/A,N/A,60805,The database engine is starting a new instance.,medium,Stratified background alert sampled from raw Wazuh export and not correlated to a scenario run.,Automated background sample for Sprint 8; manual review recommended.
LBL-BG-0193,ALERT-5B36C51D524F541F,,,BACKGROUND-SAMPLE,safesoc-win-01,2026-05-14T12:52:54.750-0400,unrelated_background,unrelated,background,background_sample,wazuh,,,,N/A,N/A,61104,Service startup type was changed,medium,Stratified background alert sampled from raw Wazuh export and not correlated to a scenario run.,Automated background sample for Sprint 8; manual review recommended.
LBL-BG-0194,ALERT-48F1B38F0D328EDD,,,BACKGROUND-SAMPLE,safesoc-win-01,2026-05-14T12:52:56.427-0400,unrelated_background,unrelated,background,background_sample,wazuh,,,,N/A,N/A,61104,Service startup type was changed,medium,Stratified background alert sampled from raw Wazuh export and not correlated to a scenario run.,Automated background sample for Sprint 8; manual review recommended.
LBL-BG-0195,ALERT-526931E7BBA615B3,,,BACKGROUND-SAMPLE,safesoc-win-01,2026-05-14T13:08:18.488-0400,unrelated_background,unrelated,background,background_sample,wazuh,,,,N/A,N/A,92004,Powershell process spawned Windows command shell instance,medium,Stratified background alert sampled from raw Wazuh export and not correlated to a scenario run.,Automated background sample for Sprint 8; manual review recommended.
LBL-BG-0196,ALERT-517154A79CDD59FD,,,BACKGROUND-SAMPLE,safesoc-win-01,2026-05-14T13:08:18.489-0400,unrelated_background,unrelated,background,background_sample,wazuh,,,,N/A,N/A,92032,Suspicious Windows cmd shell execution,medium,Stratified background alert sampled from raw Wazuh export and not correlated to a scenario run.,Automated background sample for Sprint 8; manual review recommended.
LBL-BG-0197,ALERT-D96016242D5AEFA9,,,BACKGROUND-SAMPLE,safesoc-win-01,2026-05-14T13:08:24.680-0400,unrelated_background,unrelated,background,background_sample,wazuh,,,,N/A,N/A,92004,Powershell process spawned Windows command shell instance,medium,Stratified background alert sampled from raw Wazuh export and not correlated to a scenario run.,Automated background sample for Sprint 8; manual review recommended.
LBL-BG-0198,ALERT-C4018D839CC00F9A,,,BACKGROUND-SAMPLE,safesoc-win-01,2026-05-14T13:08:24.681-0400,unrelated_background,unrelated,background,background_sample,wazuh,,,,N/A,N/A,92032,Suspicious Windows cmd shell execution,medium,Stratified background alert sampled from raw Wazuh export and not correlated to a scenario run.,Automated background sample for Sprint 8; manual review recommended.
LBL-BG-0199,ALERT-C9ABEAE2E17CDB6A,,,BACKGROUND-SAMPLE,safesoc-win-01,2026-05-14T13:08:28.710-0400,unrelated_background,unrelated,background,background_sample,wazuh,,,,N/A,N/A,92004,Powershell process spawned Windows command shell instance,medium,Stratified background alert sampled from raw Wazuh export and not correlated to a scenario run.,Automated background sample for Sprint 8; manual review recommended.
LBL-BG-0200,ALERT-BF7B7ECA6E21EBED,,,BACKGROUND-SAMPLE,safesoc-win-01,2026-05-14T13:08:31.807-0400,unrelated_background,unrelated,background,background_sample,wazuh,,,,N/A,N/A,92004,Powershell process spawned Windows command shell instance,medium,Stratified background alert sampled from raw Wazuh export and not correlated to a scenario run.,Automated background sample for Sprint 8; manual review recommended.
LBL-BG-0201,ALERT-8CCB5DDC27D76481,,,BACKGROUND-SAMPLE,safesoc-win-01,2026-05-14T13:08:31.808-0400,unrelated_background,unrelated,background,background_sample,wazuh,,,,N/A,N/A,92036,A C:\\Windows\\System32\\net.exe binary was started by a Windows cmd shell,medium,Stratified background alert sampled from raw Wazuh export and not correlated to a scenario run.,Automated background sample for Sprint 8; manual review recommended.
LBL-BG-0202,ALERT-DD3D1C060A8BDE33,,,BACKGROUND-SAMPLE,safesoc-win-01,2026-05-14T13:08:35.105-0400,unrelated_background,unrelated,background,background_sample,wazuh,,,,N/A,N/A,92004,Powershell process spawned Windows command shell instance,medium,Stratified background alert sampled from raw Wazuh export and not correlated to a scenario run.,Automated background sample for Sprint 8; manual review recommended.
LBL-BG-0203,ALERT-538A517A2D423D0D,,,BACKGROUND-SAMPLE,safesoc-win-01,2026-05-14T13:08:35.106-0400,unrelated_background,unrelated,background,background_sample,wazuh,,,,N/A,N/A,92036,A C:\\Windows\\System32\\net.exe binary was started by a Windows cmd shell,medium,Stratified background alert sampled from raw Wazuh export and not correlated to a scenario run.,Automated background sample for Sprint 8; manual review recommended.
LBL-BG-0204,ALERT-81A166FC7E006B4B,,,BACKGROUND-SAMPLE,safesoc-win-01,2026-05-14T13:08:50.156-0400,unrelated_background,unrelated,background,background_sample,wazuh,,,,N/A,N/A,92027,Powershell process spawned powershell instance,medium,Stratified background alert sampled from raw Wazuh export and not correlated to a scenario run.,Automated background sample for Sprint 8; manual review recommended.
LBL-BG-0205,ALERT-5C5DD2962A706280,,,BACKGROUND-SAMPLE,safesoc-win-01,2026-05-14T13:08:53.033-0400,unrelated_background,unrelated,background,background_sample,wazuh,,,,N/A,N/A,92027,Powershell process spawned powershell instance,medium,Stratified background alert sampled from raw Wazuh export and not correlated to a scenario run.,Automated background sample for Sprint 8; manual review recommended.
