field,type,count,percent
agent.id,string,6893,100.00
agent.ip,string,6375,92.49
agent.name,string,6893,100.00
data.arch,string,1155,16.76
data.audit.arch,string,67,0.97
data.audit.auid,string,70,1.02
data.audit.command,string,70,1.02
data.audit.cwd,string,101,1.47
data.audit.directory.name,string,3,0.04
data.audit.egid,string,67,0.97
data.audit.euid,string,70,1.02
data.audit.exe,string,70,1.02
data.audit.execve.a0,string,103,1.49
data.audit.execve.a1,string,103,1.49
data.audit.execve.a2,string,1,0.01
data.audit.execve.argc,string,103,1.49
data.audit.exit,string,67,0.97
data.audit.file.inode,string,99,1.44
data.audit.file.mode,string,99,1.44
data.audit.file.name,string,99,1.44
data.audit.fsgid,string,67,0.97
data.audit.fsuid,string,67,0.97
data.audit.gid,string,70,1.02
data.audit.id,string,106,1.54
data.audit.inode,string,2,0.03
data.audit.key,string,67,0.97
data.audit.mode,string,2,0.03
data.audit.pid,string,70,1.02
data.audit.ppid,string,67,0.97
data.audit.session,string,70,1.02
data.audit.sgid,string,67,0.97
data.audit.success,string,67,0.97
data.audit.suid,string,67,0.97
data.audit.syscall,string,67,0.97
data.audit.tty,string,67,0.97
data.audit.type,string,106,1.54
data.audit.uid,string,70,1.02
data.command,string,130,1.89
data.dpkg_status,string,1155,16.76
data.dstuser,string,455,6.60
data.euid,string,16,0.23
data.extra_data,string,41,0.59
data.gid,string,5,0.07
data.home,string,4,0.06
data.logname,string,7,0.10
data.package,string,1155,16.76
data.pwd,string,130,1.89
data.sca.check.command,array,481,6.98
data.sca.check.command[],string,481,6.98
data.sca.check.compliance.cis,string,1092,15.84
data.sca.check.compliance.cis_csc_v7,string,931,13.51
data.sca.check.compliance.cis_csc_v8,string,914,13.26
data.sca.check.compliance.cmmc_v2.0,string,846,12.27
data.sca.check.compliance.hipaa,string,305,4.42
data.sca.check.compliance.iso_27001-2013,string,864,12.53
data.sca.check.compliance.mitre_mitigations,string,542,7.86
data.sca.check.compliance.mitre_tactics,string,585,8.49
data.sca.check.compliance.mitre_techniques,string,588,8.53
data.sca.check.compliance.nist_sp_800-53,string,553,8.02
data.sca.check.compliance.pci_dss_3.2.1,string,2,0.03
data.sca.check.compliance.pci_dss_4.0,string,2,0.03
data.sca.check.compliance.pci_dss_v3.2.1,string,791,11.48
data.sca.check.compliance.pci_dss_v4.0,string,800,11.61
data.sca.check.compliance.soc_2,string,803,11.65
data.sca.check.description,string,1092,15.84
data.sca.check.directory,array,98,1.42
data.sca.check.directory[],string,98,1.42
data.sca.check.file,array,170,2.47
data.sca.check.file[],string,170,2.47
data.sca.check.id,string,1092,15.84
data.sca.check.previous_result,string,52,0.75
data.sca.check.rationale,string,1092,15.84
data.sca.check.reason,string,115,1.67
data.sca.check.references,string,313,4.54
data.sca.check.registry,array,443,6.43
data.sca.check.registry[],string,443,6.43
data.sca.check.remediation,string,1092,15.84
data.sca.check.result,string,1092,15.84
data.sca.check.title,string,1092,15.84
data.sca.description,string,7,0.10
data.sca.failed,string,7,0.10
data.sca.file,string,7,0.10
data.sca.invalid,string,7,0.10
data.sca.passed,string,7,0.10
data.sca.policy,string,1099,15.94
data.sca.policy_id,string,7,0.10
data.sca.scan_id,string,1099,15.94
data.sca.score,string,7,0.10
data.sca.total_checks,string,7,0.10
data.sca.type,string,1099,15.94
data.shell,string,4,0.06
data.srcip,string,42,0.61
data.srcport,string,20,0.29
data.srcuser,string,301,4.37
data.status,string,24,0.35
data.tty,string,146,2.12
data.uid,string,170,2.47
data.version,string,1155,16.76
data.vulnerability.assigner,string,1442,20.92
data.vulnerability.classification,string,2842,41.23
data.vulnerability.cve,string,2842,41.23
data.vulnerability.cvss.cvss3.base_score,string,2479,35.96
data.vulnerability.cvss.cvss3.vector.attack_vector,string,1160,16.83
data.vulnerability.cvss.cvss3.vector.availability,string,1160,16.83
data.vulnerability.cvss.cvss3.vector.confidentiality_impact,string,1160,16.83
data.vulnerability.cvss.cvss3.vector.integrity_impact,string,1160,16.83
data.vulnerability.cvss.cvss3.vector.privileges_required,string,1160,16.83
data.vulnerability.cvss.cvss3.vector.scope,string,1160,16.83
data.vulnerability.cvss.cvss3.vector.user_interaction,string,1160,16.83
data.vulnerability.cwe_reference,string,13,0.19
data.vulnerability.enumeration,string,2842,41.23
data.vulnerability.package.architecture,string,2842,41.23
data.vulnerability.package.condition,string,1442,20.92
data.vulnerability.package.name,string,2842,41.23
data.vulnerability.package.source,string,1442,20.92
data.vulnerability.package.version,string,2842,41.23
data.vulnerability.published,string,2842,41.23
data.vulnerability.rationale,string,1442,20.92
data.vulnerability.reference,string,2842,41.23
data.vulnerability.scanner.reference,string,2842,41.23
data.vulnerability.score.base,string,2842,41.23
data.vulnerability.score.version,string,2842,41.23
data.vulnerability.severity,string,2842,41.23
data.vulnerability.status,string,2842,41.23
data.vulnerability.title,string,2842,41.23
data.vulnerability.type,string,2842,41.23
data.vulnerability.updated,string,2842,41.23
data.win.eventdata.accountName,string,2,0.03
data.win.eventdata.action ID,string,5,0.07
data.win.eventdata.action Name,string,5,0.07
data.win.eventdata.additional Actions ID,string,5,0.07
data.win.eventdata.additional Actions String,string,5,0.07
data.win.eventdata.attachedFiles,string,3,0.04
data.win.eventdata.authenticationPackageName,string,11,0.16
data.win.eventdata.binary,string,3,0.04
data.win.eventdata.bucket,string,2,0.03
data.win.eventdata.bucketType,string,4,0.06
data.win.eventdata.cabGuid,string,4,0.06
data.win.eventdata.cabId,string,4,0.06
data.win.eventdata.category ID,string,5,0.07
data.win.eventdata.category Name,string,5,0.07
data.win.eventdata.commandLine,string,390,5.66
data.win.eventdata.company,string,390,5.66
data.win.eventdata.context,string,2,0.03
data.win.eventdata.currentDirectory,string,390,5.66
data.win.eventdata.data,string,36,0.52
data.win.eventdata.description,string,390,5.66
data.win.eventdata.detection ID,string,5,0.07
data.win.eventdata.detection Time,string,5,0.07
data.win.eventdata.detection User,string,5,0.07
data.win.eventdata.elevatedToken,string,8,0.12
data.win.eventdata.engine Version,string,5,0.07
data.win.eventdata.error Code,string,5,0.07
data.win.eventdata.error Description,string,5,0.07
data.win.eventdata.errorCode,string,3,0.04
data.win.eventdata.eventName,string,4,0.06
data.win.eventdata.execution ID,string,5,0.07
data.win.eventdata.execution Name,string,5,0.07
data.win.eventdata.extraInfo,string,1,0.01
data.win.eventdata.fWLink,string,5,0.07
data.win.eventdata.failureReason,string,3,0.04
data.win.eventdata.fileVersion,string,390,5.66
data.win.eventdata.hashedBucket,string,2,0.03
data.win.eventdata.hashes,string,390,5.66
data.win.eventdata.image,string,390,5.66
data.win.eventdata.imagePath,string,4,0.06
data.win.eventdata.impersonationLevel,string,8,0.12
data.win.eventdata.integrityLevel,string,390,5.66
data.win.eventdata.ipAddress,string,11,0.16
data.win.eventdata.ipPort,string,11,0.16
data.win.eventdata.keyLength,string,11,0.16
data.win.eventdata.logonGuid,string,398,5.77
data.win.eventdata.logonId,string,390,5.66
data.win.eventdata.logonProcessName,string,11,0.16
data.win.eventdata.logonType,string,17,0.25
data.win.eventdata.messageText,string,2,0.03
data.win.eventdata.method,string,2,0.03
data.win.eventdata.new Value,string,1,0.01
data.win.eventdata.newTime,string,1,0.01
data.win.eventdata.old Value,string,1,0.01
data.win.eventdata.origin ID,string,5,0.07
data.win.eventdata.origin Name,string,5,0.07
data.win.eventdata.originalFileName,string,390,5.66
data.win.eventdata.p1,string,4,0.06
data.win.eventdata.p2,string,4,0.06
data.win.eventdata.p3,string,4,0.06
data.win.eventdata.p4,string,4,0.06
data.win.eventdata.p5,string,2,0.03
data.win.eventdata.p6,string,2,0.03
data.win.eventdata.param1,string,20,0.29
data.win.eventdata.param2,string,20,0.29
data.win.eventdata.param3,string,20,0.29
data.win.eventdata.param4,string,20,0.29
data.win.eventdata.param5,string,1,0.01
data.win.eventdata.param7,string,1,0.01
data.win.eventdata.parentCommandLine,string,390,5.66
data.win.eventdata.parentImage,string,390,5.66
data.win.eventdata.parentProcessGuid,string,390,5.66
data.win.eventdata.parentProcessId,string,390,5.66
data.win.eventdata.parentUser,string,390,5.66
data.win.eventdata.path,string,5,0.07
data.win.eventdata.post Clean Status,string,5,0.07
data.win.eventdata.pre Execution Status,string,5,0.07
data.win.eventdata.previousTime,string,1,0.01
data.win.eventdata.privilegeList,string,4,0.06
data.win.eventdata.process Name,string,5,0.07
data.win.eventdata.processGuid,string,390,5.66
data.win.eventdata.processId,string,402,5.83
data.win.eventdata.processName,string,12,0.17
data.win.eventdata.product,string,390,5.66
data.win.eventdata.product Name,string,6,0.09
data.win.eventdata.product Version,string,6,0.09
data.win.eventdata.rechecking,string,4,0.06
data.win.eventdata.remediation User,string,2,0.03
data.win.eventdata.reportId,string,4,0.06
data.win.eventdata.reportStatus,string,4,0.06
data.win.eventdata.response,string,4,0.06
data.win.eventdata.security intelligence Version,string,5,0.07
data.win.eventdata.serviceGuid,string,1,0.01
data.win.eventdata.serviceName,string,4,0.06
data.win.eventdata.serviceType,string,4,0.06
data.win.eventdata.severity ID,string,5,0.07
data.win.eventdata.severity Name,string,5,0.07
data.win.eventdata.source ID,string,5,0.07
data.win.eventdata.source Name,string,5,0.07
data.win.eventdata.stage,string,2,0.03
data.win.eventdata.startType,string,4,0.06
data.win.eventdata.state,string,5,0.07
data.win.eventdata.status,string,3,0.04
data.win.eventdata.status Code,string,5,0.07
data.win.eventdata.storePath,string,4,0.06
data.win.eventdata.subStatus,string,3,0.04
data.win.eventdata.subjectDomainName,string,16,0.23
data.win.eventdata.subjectLogonId,string,16,0.23
data.win.eventdata.subjectUserName,string,16,0.23
data.win.eventdata.subjectUserSid,string,16,0.23
data.win.eventdata.targetDomainName,string,18,0.26
data.win.eventdata.targetLinkedLogonId,string,8,0.12
data.win.eventdata.targetLogonId,string,15,0.22
data.win.eventdata.targetUserName,string,18,0.26
data.win.eventdata.targetUserSid,string,18,0.26
data.win.eventdata.terminalSessionId,string,390,5.66
data.win.eventdata.threat ID,string,5,0.07
data.win.eventdata.threat Name,string,5,0.07
data.win.eventdata.type ID,string,5,0.07
data.win.eventdata.type Name,string,5,0.07
data.win.eventdata.updateGuid,string,1,0.01
data.win.eventdata.updateRevisionNumber,string,1,0.01
data.win.eventdata.updateTitle,string,1,0.01
data.win.eventdata.url,string,2,0.03
data.win.eventdata.user,string,390,5.66
data.win.eventdata.utcTime,string,390,5.66
data.win.eventdata.virtualAccount,string,8,0.12
data.win.eventdata.workstationName,string,11,0.16
data.win.system.channel,string,488,7.08
data.win.system.computer,string,488,7.08
data.win.system.eventID,string,488,7.08
data.win.system.eventRecordID,string,488,7.08
data.win.system.eventSourceName,string,62,0.90
data.win.system.keywords,string,488,7.08
data.win.system.level,string,488,7.08
data.win.system.message,string,488,7.08
data.win.system.opcode,string,488,7.08
data.win.system.processID,string,488,7.08
data.win.system.providerGuid,string,486,7.05
data.win.system.providerName,string,488,7.08
data.win.system.severityValue,string,488,7.08
data.win.system.systemTime,string,488,7.08
data.win.system.task,string,488,7.08
data.win.system.threadID,string,488,7.08
data.win.system.version,string,488,7.08
decoder.ftscomment,string,130,1.89
decoder.name,string,6829,99.07
decoder.parent,string,602,8.73
full_log,string,2465,35.76
id,string,6893,100.00
location,string,6893,100.00
manager.name,string,6893,100.00
predecoder.hostname,string,446,6.47
predecoder.program_name,string,563,8.17
predecoder.timestamp,string,567,8.23
previous_log,string,8,0.12
previous_output,string,9,0.13
rule.cis,array,1092,15.84
rule.cis[],string,1092,15.84
rule.cis_csc_v7,array,931,13.51
rule.cis_csc_v7[],string,931,13.51
rule.cis_csc_v8,array,914,13.26
rule.cis_csc_v8[],string,914,13.26
rule.description,string,6893,100.00
rule.firedtimes,integer,6893,100.00
rule.frequency,integer,3,0.04
rule.gdpr,array,6259,90.80
rule.gdpr[],string,6259,90.80
rule.gpg13,array,2293,33.27
rule.gpg13[],string,2293,33.27
rule.groups,array,6893,100.00
rule.groups[],string,6893,100.00
rule.hipaa,array,2619,38.00
rule.hipaa[],string,2619,38.00
rule.id,string,6893,100.00
rule.info,string,19,0.28
rule.iso_27001-2013,array,864,12.53
rule.iso_27001-2013[],string,864,12.53
rule.level,integer,6893,100.00
rule.mail,boolean,6893,100.00
rule.mitre.id,array,1438,20.86
rule.mitre.id[],string,1438,20.86
rule.mitre.tactic,array,1438,20.86
rule.mitre.tactic[],string,1438,20.86
rule.mitre.technique,array,1438,20.86
rule.mitre.technique[],string,1438,20.86
rule.mitre_mitigations,array,542,7.86
rule.mitre_mitigations[],string,542,7.86
rule.mitre_tactics,array,585,8.49
rule.mitre_tactics[],string,585,8.49
rule.mitre_techniques,array,588,8.53
rule.mitre_techniques[],string,588,8.53
rule.nist_800_53,array,3413,49.51
rule.nist_800_53[],string,3413,49.51
rule.nist_sp_800-53,array,553,8.02
rule.nist_sp_800-53[],string,553,8.02
rule.pci_dss,array,6255,90.74
rule.pci_dss[],string,6255,90.74
rule.soc_2,array,803,11.65
rule.soc_2[],string,803,11.65
rule.tsc,array,6255,90.74
rule.tsc[],string,6255,90.74
syscheck.arch,string,56,0.81
syscheck.changed_attributes,array,528,7.66
syscheck.changed_attributes[],string,528,7.66
syscheck.event,string,604,8.76
syscheck.gid_after,string,576,8.36
syscheck.gid_before,string,6,0.09
syscheck.gname_after,string,575,8.34
syscheck.inode_after,integer,548,7.95
syscheck.inode_before,integer,472,6.85
syscheck.md5_after,string,576,8.36
syscheck.md5_before,string,378,5.48
syscheck.mode,string,604,8.76
syscheck.mtime_after,string,576,8.36
syscheck.mtime_before,string,497,7.21
syscheck.path,string,604,8.76
syscheck.perm_after,string,548,7.95
syscheck.sha1_after,string,576,8.36
syscheck.sha1_before,string,378,5.48
syscheck.sha256_after,string,576,8.36
syscheck.sha256_before,string,378,5.48
syscheck.size_after,string,576,8.36
syscheck.size_before,string,29,0.42
syscheck.uid_after,string,576,8.36
syscheck.uname_after,string,576,8.36
syscheck.value_name,string,28,0.41
syscheck.value_type,string,28,0.41
syscheck.win_perm_after,array,28,0.41
syscheck.win_perm_after[].allowed,array,28,0.41
syscheck.win_perm_after[].allowed[],string,28,0.41
syscheck.win_perm_after[].name,string,28,0.41
timestamp,string,6893,100.00
