field,present_count,present_percent,missing_count,missing_percent
timestamp,6893,100.00,0,0.00
rule.level,6893,100.00,0,0.00
rule.description,6893,100.00,0,0.00
rule.id,6893,100.00,0,0.00
rule.firedtimes,6893,100.00,0,0.00
rule.mail,6893,100.00,0,0.00
rule.groups,6893,100.00,0,0.00
rule.groups[],6893,100.00,0,0.00
agent.id,6893,100.00,0,0.00
agent.name,6893,100.00,0,0.00
manager.name,6893,100.00,0,0.00
id,6893,100.00,0,0.00
location,6893,100.00,0,0.00
decoder.name,6829,99.07,64,0.93
agent.ip,6375,92.49,518,7.51
rule.gdpr,6259,90.80,634,9.20
rule.gdpr[],6259,90.80,634,9.20
rule.pci_dss,6255,90.74,638,9.26
rule.pci_dss[],6255,90.74,638,9.26
rule.tsc,6255,90.74,638,9.26
rule.tsc[],6255,90.74,638,9.26
rule.nist_800_53,3413,49.51,3480,50.49
rule.nist_800_53[],3413,49.51,3480,50.49
data.vulnerability.classification,2842,41.23,4051,58.77
data.vulnerability.cve,2842,41.23,4051,58.77
data.vulnerability.enumeration,2842,41.23,4051,58.77
data.vulnerability.package.architecture,2842,41.23,4051,58.77
data.vulnerability.package.name,2842,41.23,4051,58.77
data.vulnerability.package.version,2842,41.23,4051,58.77
data.vulnerability.published,2842,41.23,4051,58.77
data.vulnerability.reference,2842,41.23,4051,58.77
data.vulnerability.scanner.reference,2842,41.23,4051,58.77
data.vulnerability.score.base,2842,41.23,4051,58.77
data.vulnerability.score.version,2842,41.23,4051,58.77
data.vulnerability.severity,2842,41.23,4051,58.77
data.vulnerability.status,2842,41.23,4051,58.77
data.vulnerability.title,2842,41.23,4051,58.77
data.vulnerability.type,2842,41.23,4051,58.77
data.vulnerability.updated,2842,41.23,4051,58.77
rule.hipaa,2619,38.00,4274,62.00
rule.hipaa[],2619,38.00,4274,62.00
data.vulnerability.cvss.cvss3.base_score,2479,35.96,4414,64.04
full_log,2465,35.76,4428,64.24
rule.gpg13,2293,33.27,4600,66.73
rule.gpg13[],2293,33.27,4600,66.73
data.vulnerability.assigner,1442,20.92,5451,79.08
data.vulnerability.package.condition,1442,20.92,5451,79.08
data.vulnerability.package.source,1442,20.92,5451,79.08
data.vulnerability.rationale,1442,20.92,5451,79.08
rule.mitre.id,1438,20.86,5455,79.14
rule.mitre.id[],1438,20.86,5455,79.14
rule.mitre.tactic,1438,20.86,5455,79.14
rule.mitre.tactic[],1438,20.86,5455,79.14
rule.mitre.technique,1438,20.86,5455,79.14
rule.mitre.technique[],1438,20.86,5455,79.14
data.vulnerability.cvss.cvss3.vector.attack_vector,1160,16.83,5733,83.17
data.vulnerability.cvss.cvss3.vector.availability,1160,16.83,5733,83.17
data.vulnerability.cvss.cvss3.vector.confidentiality_impact,1160,16.83,5733,83.17
data.vulnerability.cvss.cvss3.vector.integrity_impact,1160,16.83,5733,83.17
data.vulnerability.cvss.cvss3.vector.privileges_required,1160,16.83,5733,83.17
data.vulnerability.cvss.cvss3.vector.scope,1160,16.83,5733,83.17
data.vulnerability.cvss.cvss3.vector.user_interaction,1160,16.83,5733,83.17
data.dpkg_status,1155,16.76,5738,83.24
data.package,1155,16.76,5738,83.24
data.arch,1155,16.76,5738,83.24
data.version,1155,16.76,5738,83.24
data.sca.type,1099,15.94,5794,84.06
data.sca.scan_id,1099,15.94,5794,84.06
data.sca.policy,1099,15.94,5794,84.06
rule.cis,1092,15.84,5801,84.16
rule.cis[],1092,15.84,5801,84.16
data.sca.check.id,1092,15.84,5801,84.16
data.sca.check.title,1092,15.84,5801,84.16
data.sca.check.description,1092,15.84,5801,84.16
data.sca.check.rationale,1092,15.84,5801,84.16
data.sca.check.remediation,1092,15.84,5801,84.16
data.sca.check.compliance.cis,1092,15.84,5801,84.16
data.sca.check.result,1092,15.84,5801,84.16
rule.cis_csc_v7,931,13.51,5962,86.49
rule.cis_csc_v7[],931,13.51,5962,86.49
data.sca.check.compliance.cis_csc_v7,931,13.51,5962,86.49
rule.cis_csc_v8,914,13.26,5979,86.74
rule.cis_csc_v8[],914,13.26,5979,86.74
data.sca.check.compliance.cis_csc_v8,914,13.26,5979,86.74
rule.iso_27001-2013,864,12.53,6029,87.47
rule.iso_27001-2013[],864,12.53,6029,87.47
data.sca.check.compliance.iso_27001-2013,864,12.53,6029,87.47
data.sca.check.compliance.cmmc_v2.0,846,12.27,6047,87.73
rule.soc_2,803,11.65,6090,88.35
rule.soc_2[],803,11.65,6090,88.35
data.sca.check.compliance.soc_2,803,11.65,6090,88.35
data.sca.check.compliance.pci_dss_v4.0,800,11.61,6093,88.39
data.sca.check.compliance.pci_dss_v3.2.1,791,11.48,6102,88.52
syscheck.path,604,8.76,6289,91.24
syscheck.mode,604,8.76,6289,91.24
syscheck.event,604,8.76,6289,91.24
decoder.parent,602,8.73,6291,91.27
rule.mitre_techniques,588,8.53,6305,91.47
rule.mitre_techniques[],588,8.53,6305,91.47
data.sca.check.compliance.mitre_techniques,588,8.53,6305,91.47
rule.mitre_tactics,585,8.49,6308,91.51
rule.mitre_tactics[],585,8.49,6308,91.51
data.sca.check.compliance.mitre_tactics,585,8.49,6308,91.51
syscheck.size_after,576,8.36,6317,91.64
syscheck.uid_after,576,8.36,6317,91.64
syscheck.gid_after,576,8.36,6317,91.64
syscheck.md5_after,576,8.36,6317,91.64
syscheck.sha1_after,576,8.36,6317,91.64
syscheck.sha256_after,576,8.36,6317,91.64
syscheck.uname_after,576,8.36,6317,91.64
syscheck.mtime_after,576,8.36,6317,91.64
syscheck.gname_after,575,8.34,6318,91.66
predecoder.timestamp,567,8.23,6326,91.77
predecoder.program_name,563,8.17,6330,91.83
rule.nist_sp_800-53,553,8.02,6340,91.98
rule.nist_sp_800-53[],553,8.02,6340,91.98
data.sca.check.compliance.nist_sp_800-53,553,8.02,6340,91.98
syscheck.perm_after,548,7.95,6345,92.05
syscheck.inode_after,548,7.95,6345,92.05
rule.mitre_mitigations,542,7.86,6351,92.14
rule.mitre_mitigations[],542,7.86,6351,92.14
data.sca.check.compliance.mitre_mitigations,542,7.86,6351,92.14
syscheck.changed_attributes,528,7.66,6365,92.34
syscheck.changed_attributes[],528,7.66,6365,92.34
syscheck.mtime_before,497,7.21,6396,92.79
data.win.system.providerName,488,7.08,6405,92.92
data.win.system.eventID,488,7.08,6405,92.92
data.win.system.version,488,7.08,6405,92.92
data.win.system.level,488,7.08,6405,92.92
data.win.system.task,488,7.08,6405,92.92
data.win.system.opcode,488,7.08,6405,92.92
data.win.system.keywords,488,7.08,6405,92.92
data.win.system.systemTime,488,7.08,6405,92.92
data.win.system.eventRecordID,488,7.08,6405,92.92
data.win.system.processID,488,7.08,6405,92.92
data.win.system.threadID,488,7.08,6405,92.92
data.win.system.channel,488,7.08,6405,92.92
data.win.system.computer,488,7.08,6405,92.92
data.win.system.severityValue,488,7.08,6405,92.92
data.win.system.message,488,7.08,6405,92.92
data.win.system.providerGuid,486,7.05,6407,92.95
data.sca.check.command,481,6.98,6412,93.02
data.sca.check.command[],481,6.98,6412,93.02
syscheck.inode_before,472,6.85,6421,93.15
data.dstuser,455,6.60,6438,93.40
predecoder.hostname,446,6.47,6447,93.53
data.sca.check.registry,443,6.43,6450,93.57
data.sca.check.registry[],443,6.43,6450,93.57
data.win.eventdata.processId,402,5.83,6491,94.17
data.win.eventdata.logonGuid,398,5.77,6495,94.23
data.win.eventdata.utcTime,390,5.66,6503,94.34
data.win.eventdata.processGuid,390,5.66,6503,94.34
data.win.eventdata.image,390,5.66,6503,94.34
data.win.eventdata.fileVersion,390,5.66,6503,94.34
data.win.eventdata.description,390,5.66,6503,94.34
data.win.eventdata.product,390,5.66,6503,94.34
data.win.eventdata.company,390,5.66,6503,94.34
data.win.eventdata.originalFileName,390,5.66,6503,94.34
data.win.eventdata.commandLine,390,5.66,6503,94.34
data.win.eventdata.currentDirectory,390,5.66,6503,94.34
data.win.eventdata.user,390,5.66,6503,94.34
data.win.eventdata.logonId,390,5.66,6503,94.34
data.win.eventdata.terminalSessionId,390,5.66,6503,94.34
data.win.eventdata.integrityLevel,390,5.66,6503,94.34
data.win.eventdata.hashes,390,5.66,6503,94.34
data.win.eventdata.parentProcessGuid,390,5.66,6503,94.34
data.win.eventdata.parentProcessId,390,5.66,6503,94.34
data.win.eventdata.parentImage,390,5.66,6503,94.34
data.win.eventdata.parentCommandLine,390,5.66,6503,94.34
data.win.eventdata.parentUser,390,5.66,6503,94.34
syscheck.md5_before,378,5.48,6515,94.52
syscheck.sha1_before,378,5.48,6515,94.52
syscheck.sha256_before,378,5.48,6515,94.52
data.sca.check.references,313,4.54,6580,95.46
data.sca.check.compliance.hipaa,305,4.42,6588,95.58
data.srcuser,301,4.37,6592,95.63
data.uid,170,2.47,6723,97.53
data.sca.check.file,170,2.47,6723,97.53
data.sca.check.file[],170,2.47,6723,97.53
data.tty,146,2.12,6747,97.88
decoder.ftscomment,130,1.89,6763,98.11
data.pwd,130,1.89,6763,98.11
data.command,130,1.89,6763,98.11
data.sca.check.reason,115,1.67,6778,98.33
data.audit.type,106,1.54,6787,98.46
data.audit.id,106,1.54,6787,98.46
data.audit.execve.argc,103,1.49,6790,98.51
data.audit.execve.a0,103,1.49,6790,98.51
data.audit.execve.a1,103,1.49,6790,98.51
data.audit.cwd,101,1.47,6792,98.53
data.audit.file.name,99,1.44,6794,98.56
data.audit.file.inode,99,1.44,6794,98.56
data.audit.file.mode,99,1.44,6794,98.56
data.sca.check.directory,98,1.42,6795,98.58
data.sca.check.directory[],98,1.42,6795,98.58
data.audit.pid,70,1.02,6823,98.98
data.audit.auid,70,1.02,6823,98.98
data.audit.uid,70,1.02,6823,98.98
data.audit.gid,70,1.02,6823,98.98
data.audit.euid,70,1.02,6823,98.98
data.audit.session,70,1.02,6823,98.98
data.audit.command,70,1.02,6823,98.98
data.audit.exe,70,1.02,6823,98.98
data.audit.arch,67,0.97,6826,99.03
data.audit.syscall,67,0.97,6826,99.03
data.audit.success,67,0.97,6826,99.03
data.audit.exit,67,0.97,6826,99.03
data.audit.ppid,67,0.97,6826,99.03
data.audit.suid,67,0.97,6826,99.03
data.audit.fsuid,67,0.97,6826,99.03
data.audit.egid,67,0.97,6826,99.03
data.audit.sgid,67,0.97,6826,99.03
data.audit.fsgid,67,0.97,6826,99.03
data.audit.tty,67,0.97,6826,99.03
data.audit.key,67,0.97,6826,99.03
data.win.system.eventSourceName,62,0.90,6831,99.10
syscheck.arch,56,0.81,6837,99.19
data.sca.check.previous_result,52,0.75,6841,99.25
data.srcip,42,0.61,6851,99.39
data.extra_data,41,0.59,6852,99.41
data.win.eventdata.data,36,0.52,6857,99.48
syscheck.size_before,29,0.42,6864,99.58
syscheck.win_perm_after,28,0.41,6865,99.59
syscheck.win_perm_after[].name,28,0.41,6865,99.59
syscheck.win_perm_after[].allowed,28,0.41,6865,99.59
syscheck.win_perm_after[].allowed[],28,0.41,6865,99.59
syscheck.value_name,28,0.41,6865,99.59
syscheck.value_type,28,0.41,6865,99.59
data.status,24,0.35,6869,99.65
data.srcport,20,0.29,6873,99.71
data.win.eventdata.param1,20,0.29,6873,99.71
data.win.eventdata.param2,20,0.29,6873,99.71
data.win.eventdata.param3,20,0.29,6873,99.71
data.win.eventdata.param4,20,0.29,6873,99.71
rule.info,19,0.28,6874,99.72
data.win.eventdata.targetUserSid,18,0.26,6875,99.74
data.win.eventdata.targetUserName,18,0.26,6875,99.74
data.win.eventdata.targetDomainName,18,0.26,6875,99.74
data.win.eventdata.logonType,17,0.25,6876,99.75
data.win.eventdata.subjectUserSid,16,0.23,6877,99.77
data.win.eventdata.subjectUserName,16,0.23,6877,99.77
data.win.eventdata.subjectDomainName,16,0.23,6877,99.77
data.win.eventdata.subjectLogonId,16,0.23,6877,99.77
data.euid,16,0.23,6877,99.77
data.win.eventdata.targetLogonId,15,0.22,6878,99.78
data.vulnerability.cwe_reference,13,0.19,6880,99.81
data.win.eventdata.processName,12,0.17,6881,99.83
data.win.eventdata.logonProcessName,11,0.16,6882,99.84
data.win.eventdata.authenticationPackageName,11,0.16,6882,99.84
data.win.eventdata.workstationName,11,0.16,6882,99.84
data.win.eventdata.keyLength,11,0.16,6882,99.84
data.win.eventdata.ipAddress,11,0.16,6882,99.84
data.win.eventdata.ipPort,11,0.16,6882,99.84
previous_output,9,0.13,6884,99.87
previous_log,8,0.12,6885,99.88
data.win.eventdata.impersonationLevel,8,0.12,6885,99.88
data.win.eventdata.virtualAccount,8,0.12,6885,99.88
data.win.eventdata.targetLinkedLogonId,8,0.12,6885,99.88
data.win.eventdata.elevatedToken,8,0.12,6885,99.88
data.sca.description,7,0.10,6886,99.90
data.sca.policy_id,7,0.10,6886,99.90
data.sca.passed,7,0.10,6886,99.90
data.sca.failed,7,0.10,6886,99.90
data.sca.invalid,7,0.10,6886,99.90
data.sca.total_checks,7,0.10,6886,99.90
data.sca.score,7,0.10,6886,99.90
data.sca.file,7,0.10,6886,99.90
data.logname,7,0.10,6886,99.90
syscheck.gid_before,6,0.09,6887,99.91
data.win.eventdata.product Name,6,0.09,6887,99.91
data.win.eventdata.product Version,6,0.09,6887,99.91
data.gid,5,0.07,6888,99.93
data.win.eventdata.detection ID,5,0.07,6888,99.93
data.win.eventdata.detection Time,5,0.07,6888,99.93
data.win.eventdata.threat ID,5,0.07,6888,99.93
data.win.eventdata.threat Name,5,0.07,6888,99.93
data.win.eventdata.severity ID,5,0.07,6888,99.93
data.win.eventdata.severity Name,5,0.07,6888,99.93
data.win.eventdata.category ID,5,0.07,6888,99.93
data.win.eventdata.category Name,5,0.07,6888,99.93
data.win.eventdata.fWLink,5,0.07,6888,99.93
data.win.eventdata.status Code,5,0.07,6888,99.93
data.win.eventdata.state,5,0.07,6888,99.93
data.win.eventdata.source ID,5,0.07,6888,99.93
data.win.eventdata.source Name,5,0.07,6888,99.93
data.win.eventdata.process Name,5,0.07,6888,99.93
data.win.eventdata.detection User,5,0.07,6888,99.93
data.win.eventdata.path,5,0.07,6888,99.93
data.win.eventdata.origin ID,5,0.07,6888,99.93
data.win.eventdata.origin Name,5,0.07,6888,99.93
data.win.eventdata.execution ID,5,0.07,6888,99.93
data.win.eventdata.execution Name,5,0.07,6888,99.93
data.win.eventdata.type ID,5,0.07,6888,99.93
data.win.eventdata.type Name,5,0.07,6888,99.93
data.win.eventdata.pre Execution Status,5,0.07,6888,99.93
data.win.eventdata.action ID,5,0.07,6888,99.93
data.win.eventdata.action Name,5,0.07,6888,99.93
data.win.eventdata.error Code,5,0.07,6888,99.93
data.win.eventdata.error Description,5,0.07,6888,99.93
data.win.eventdata.post Clean Status,5,0.07,6888,99.93
data.win.eventdata.additional Actions ID,5,0.07,6888,99.93
data.win.eventdata.additional Actions String,5,0.07,6888,99.93
data.win.eventdata.security intelligence Version,5,0.07,6888,99.93
data.win.eventdata.engine Version,5,0.07,6888,99.93
data.home,4,0.06,6889,99.94
data.shell,4,0.06,6889,99.94
data.win.eventdata.privilegeList,4,0.06,6889,99.94
data.win.eventdata.bucketType,4,0.06,6889,99.94
data.win.eventdata.eventName,4,0.06,6889,99.94
data.win.eventdata.response,4,0.06,6889,99.94
data.win.eventdata.cabId,4,0.06,6889,99.94
data.win.eventdata.p1,4,0.06,6889,99.94
data.win.eventdata.p2,4,0.06,6889,99.94
data.win.eventdata.p3,4,0.06,6889,99.94
data.win.eventdata.p4,4,0.06,6889,99.94
data.win.eventdata.storePath,4,0.06,6889,99.94
data.win.eventdata.rechecking,4,0.06,6889,99.94
data.win.eventdata.reportId,4,0.06,6889,99.94
data.win.eventdata.reportStatus,4,0.06,6889,99.94
data.win.eventdata.cabGuid,4,0.06,6889,99.94
data.win.eventdata.serviceName,4,0.06,6889,99.94
data.win.eventdata.imagePath,4,0.06,6889,99.94
data.win.eventdata.serviceType,4,0.06,6889,99.94
data.win.eventdata.startType,4,0.06,6889,99.94
data.audit.directory.name,3,0.04,6890,99.96
data.win.eventdata.errorCode,3,0.04,6890,99.96
data.win.eventdata.attachedFiles,3,0.04,6890,99.96
data.win.eventdata.status,3,0.04,6890,99.96
data.win.eventdata.failureReason,3,0.04,6890,99.96
data.win.eventdata.subStatus,3,0.04,6890,99.96
data.win.eventdata.binary,3,0.04,6890,99.96
rule.frequency,3,0.04,6890,99.96
data.audit.inode,2,0.03,6891,99.97
data.audit.mode,2,0.03,6891,99.97
data.win.eventdata.p5,2,0.03,6891,99.97
data.win.eventdata.p6,2,0.03,6891,99.97
data.win.eventdata.bucket,2,0.03,6891,99.97
data.win.eventdata.hashedBucket,2,0.03,6891,99.97
data.win.eventdata.remediation User,2,0.03,6891,99.97
data.sca.check.compliance.pci_dss_3.2.1,2,0.03,6891,99.97
data.sca.check.compliance.pci_dss_4.0,2,0.03,6891,99.97
data.win.eventdata.accountName,2,0.03,6891,99.97
data.win.eventdata.context,2,0.03,6891,99.97
data.win.eventdata.url,2,0.03,6891,99.97
data.win.eventdata.messageText,2,0.03,6891,99.97
data.win.eventdata.method,2,0.03,6891,99.97
data.win.eventdata.stage,2,0.03,6891,99.97
data.win.eventdata.updateTitle,1,0.01,6892,99.99
data.win.eventdata.updateGuid,1,0.01,6892,99.99
data.win.eventdata.updateRevisionNumber,1,0.01,6892,99.99
data.win.eventdata.serviceGuid,1,0.01,6892,99.99
data.win.eventdata.previousTime,1,0.01,6892,99.99
data.win.eventdata.newTime,1,0.01,6892,99.99
data.win.eventdata.old Value,1,0.01,6892,99.99
data.win.eventdata.new Value,1,0.01,6892,99.99
data.win.eventdata.param5,1,0.01,6892,99.99
data.win.eventdata.param7,1,0.01,6892,99.99
data.audit.execve.a2,1,0.01,6892,99.99
data.win.eventdata.extraInfo,1,0.01,6892,99.99
